,PRIM_STATE,AREA_NAME,OCC_TITLE,OCC_GROUP,A_MEAN
27194,DC,"Washington-Arlington-Alexandria, DC-VA-MD-WV Metropolitan Division",Chief Executives,detailed,"207,090"
27195,DC,"Washington-Arlington-Alexandria, DC-VA-MD-WV Metropolitan Division",General and Operations Managers,detailed,"146,890"
27196,DC,"Washington-Arlington-Alexandria, DC-VA-MD-WV Metropolitan Division",Legislators,detailed,"44,680"
27197,DC,"Washington-Arlington-Alexandria, DC-VA-MD-WV Metropolitan Division",Advertising and Promotions Managers,detailed,"112,410"
27198,DC,"Washington-Arlington-Alexandria, DC-VA-MD-WV Metropolitan Division",Marketing Managers,detailed,"156,540"
27199,DC,"Washington-Arlington-Alexandria, DC-VA-MD-WV Metropolitan Division",Sales Managers,detailed,"157,910"
27200,DC,"Washington-Arlington-Alexandria, DC-VA-MD-WV Metropolitan Division",Public Relations and Fundraising Managers,detailed,"153,730"
27201,DC,"Washington-Arlington-Alexandria, DC-VA-MD-WV Metropolitan Division",Administrative Services Managers,detailed,"107,220"
27202,DC,"Washington-Arlington-Alexandria, DC-VA-MD-WV Metropolitan Division",Computer and Information Systems Managers,detailed,"162,530"
27203,DC,"Washington-Arlington-Alexandria, DC-VA-MD-WV Metropolitan Division",Financial Managers,detailed,"154,680"
27204,DC,"Washington-Arlington-Alexandria, DC-VA-MD-WV Metropolitan Division",Industrial Production Managers,detailed,"134,250"
27205,DC,"Washington-Arlington-Alexandria, DC-VA-MD-WV Metropolitan Division",Purchasing Managers,detailed,"134,600"
27206,DC,"Washington-Arlington-Alexandria, DC-VA-MD-WV Metropolitan Division","Transportation, Storage, and Distribution Managers",detailed,"112,700"
27207,DC,"Washington-Arlington-Alexandria, DC-VA-MD-WV Metropolitan Division",Compensation and Benefits Managers,detailed,"141,680"
27208,DC,"Washington-Arlington-Alexandria, DC-VA-MD-WV Metropolitan Division",Human Resources Managers,detailed,"144,680"
27209,DC,"Washington-Arlington-Alexandria, DC-VA-MD-WV Metropolitan Division",Training and Development Managers,detailed,"134,260"
27210,DC,"Washington-Arlington-Alexandria, DC-VA-MD-WV Metropolitan Division",Construction Managers,detailed,"111,640"
27211,DC,"Washington-Arlington-Alexandria, DC-VA-MD-WV Metropolitan Division","Education Administrators, Preschool and Childcare Center/Program",detailed,"60,130"
27212,DC,"Washington-Arlington-Alexandria, DC-VA-MD-WV Metropolitan Division","Education Administrators, Elementary and Secondary School",detailed,"103,930"
27213,DC,"Washington-Arlington-Alexandria, DC-VA-MD-WV Metropolitan Division","Education Administrators, Postsecondary",detailed,"106,910"
27214,DC,"Washington-Arlington-Alexandria, DC-VA-MD-WV Metropolitan Division","Education Administrators, All Other",detailed,"98,350"
27215,DC,"Washington-Arlington-Alexandria, DC-VA-MD-WV Metropolitan Division",Architectural and Engineering Managers,detailed,"151,610"
27216,DC,"Washington-Arlington-Alexandria, DC-VA-MD-WV Metropolitan Division",Food Service Managers,detailed,"67,810"
27217,DC,"Washington-Arlington-Alexandria, DC-VA-MD-WV Metropolitan Division",Funeral Service Managers,detailed,"94,760"
27218,DC,"Washington-Arlington-Alexandria, DC-VA-MD-WV Metropolitan Division",Lodging Managers,detailed,"87,800"
27219,DC,"Washington-Arlington-Alexandria, DC-VA-MD-WV Metropolitan Division",Medical and Health Services Managers,detailed,"122,880"
27220,DC,"Washington-Arlington-Alexandria, DC-VA-MD-WV Metropolitan Division",Natural Sciences Managers,detailed,"135,390"
27221,DC,"Washington-Arlington-Alexandria, DC-VA-MD-WV Metropolitan Division",Postmasters and Mail Superintendents,detailed,"73,670"
27222,DC,"Washington-Arlington-Alexandria, DC-VA-MD-WV Metropolitan Division","Property, Real Estate, and Community Association Managers",detailed,"83,390"
27223,DC,"Washington-Arlington-Alexandria, DC-VA-MD-WV Metropolitan Division",Social and Community Service Managers,detailed,"97,650"
27224,DC,"Washington-Arlington-Alexandria, DC-VA-MD-WV Metropolitan Division",Emergency Management Directors,detailed,"110,850"
27225,DC,"Washington-Arlington-Alexandria, DC-VA-MD-WV Metropolitan Division","Managers, All Other",detailed,"132,310"
27227,DC,"Washington-Arlington-Alexandria, DC-VA-MD-WV Metropolitan Division","Agents and Business Managers of Artists, Performers, and Athletes",detailed,"96,620"
27228,DC,"Washington-Arlington-Alexandria, DC-VA-MD-WV Metropolitan Division","Buyers and Purchasing Agents, Farm Products",detailed,"61,620"
27229,DC,"Washington-Arlington-Alexandria, DC-VA-MD-WV Metropolitan Division","Wholesale and Retail Buyers, Except Farm Products",detailed,"62,040"
27230,DC,"Washington-Arlington-Alexandria, DC-VA-MD-WV Metropolitan Division","Purchasing Agents, Except Wholesale, Retail, and Farm Products",detailed,"87,160"
27231,DC,"Washington-Arlington-Alexandria, DC-VA-MD-WV Metropolitan Division","Claims Adjusters, Examiners, and Investigators",detailed,"73,580"
27232,DC,"Washington-Arlington-Alexandria, DC-VA-MD-WV Metropolitan Division","Insurance Appraisers, Auto Damage",detailed,"64,660"
27233,DC,"Washington-Arlington-Alexandria, DC-VA-MD-WV Metropolitan Division",Compliance Officers,detailed,"84,470"
27234,DC,"Washington-Arlington-Alexandria, DC-VA-MD-WV Metropolitan Division",Cost Estimators,detailed,"73,420"
27235,DC,"Washington-Arlington-Alexandria, DC-VA-MD-WV Metropolitan Division",Human Resources Specialists,detailed,"83,380"
27236,DC,"Washington-Arlington-Alexandria, DC-VA-MD-WV Metropolitan Division",Labor Relations Specialists,detailed,"69,660"
27237,DC,"Washington-Arlington-Alexandria, DC-VA-MD-WV Metropolitan Division",Logisticians,detailed,"98,800"
27238,DC,"Washington-Arlington-Alexandria, DC-VA-MD-WV Metropolitan Division",Management Analysts,detailed,"104,840"
27239,DC,"Washington-Arlington-Alexandria, DC-VA-MD-WV Metropolitan Division","Meeting, Convention, and Event Planners",detailed,"66,040"
27240,DC,"Washington-Arlington-Alexandria, DC-VA-MD-WV Metropolitan Division",Fundraisers,detailed,"71,420"
27241,DC,"Washington-Arlington-Alexandria, DC-VA-MD-WV Metropolitan Division","Compensation, Benefits, and Job Analysis Specialists",detailed,"77,640"
27242,DC,"Washington-Arlington-Alexandria, DC-VA-MD-WV Metropolitan Division",Training and Development Specialists,detailed,"77,750"
27243,DC,"Washington-Arlington-Alexandria, DC-VA-MD-WV Metropolitan Division",Market Research Analysts and Marketing Specialists,detailed,"75,650"
27244,DC,"Washington-Arlington-Alexandria, DC-VA-MD-WV Metropolitan Division","Business Operations Specialists, All Other",detailed,"97,030"
27245,DC,"Washington-Arlington-Alexandria, DC-VA-MD-WV Metropolitan Division",Accountants and Auditors,detailed,"89,510"
27246,DC,"Washington-Arlington-Alexandria, DC-VA-MD-WV Metropolitan Division",Appraisers and Assessors of Real Estate,detailed,"80,080"
27247,DC,"Washington-Arlington-Alexandria, DC-VA-MD-WV Metropolitan Division",Budget Analysts,detailed,"93,010"
27248,DC,"Washington-Arlington-Alexandria, DC-VA-MD-WV Metropolitan Division",Credit Analysts,detailed,"85,180"
27249,DC,"Washington-Arlington-Alexandria, DC-VA-MD-WV Metropolitan Division",Financial Analysts,detailed,"97,890"
27250,DC,"Washington-Arlington-Alexandria, DC-VA-MD-WV Metropolitan Division",Personal Financial Advisors,detailed,"117,930"
27251,DC,"Washington-Arlington-Alexandria, DC-VA-MD-WV Metropolitan Division",Insurance Underwriters,detailed,"65,570"
27252,DC,"Washington-Arlington-Alexandria, DC-VA-MD-WV Metropolitan Division",Financial Examiners,detailed,"117,950"
27253,DC,"Washington-Arlington-Alexandria, DC-VA-MD-WV Metropolitan Division",Credit Counselors,detailed,"52,970"
27254,DC,"Washington-Arlington-Alexandria, DC-VA-MD-WV Metropolitan Division",Loan Officers,detailed,"89,160"
27255,DC,"Washington-Arlington-Alexandria, DC-VA-MD-WV Metropolitan Division","Tax Examiners and Collectors, and Revenue Agents",detailed,"74,510"
27256,DC,"Washington-Arlington-Alexandria, DC-VA-MD-WV Metropolitan Division",Tax Preparers,detailed,"42,170"
27257,DC,"Washington-Arlington-Alexandria, DC-VA-MD-WV Metropolitan Division","Financial Specialists, All Other",detailed,"93,830"
27259,DC,"Washington-Arlington-Alexandria, DC-VA-MD-WV Metropolitan Division",Computer and Information Research Scientists,detailed,"128,350"
27260,DC,"Washington-Arlington-Alexandria, DC-VA-MD-WV Metropolitan Division",Computer Systems Analysts,detailed,"103,290"
27261,DC,"Washington-Arlington-Alexandria, DC-VA-MD-WV Metropolitan Division",Information Security Analysts,detailed,"110,080"
27262,DC,"Washington-Arlington-Alexandria, DC-VA-MD-WV Metropolitan Division",Computer Programmers,detailed,"98,550"
27263,DC,"Washington-Arlington-Alexandria, DC-VA-MD-WV Metropolitan Division","Software Developers, Applications",detailed,"110,480"
27264,DC,"Washington-Arlington-Alexandria, DC-VA-MD-WV Metropolitan Division","Software Developers, Systems Software",detailed,"116,880"
27265,DC,"Washington-Arlington-Alexandria, DC-VA-MD-WV Metropolitan Division",Web Developers,detailed,"86,840"
27266,DC,"Washington-Arlington-Alexandria, DC-VA-MD-WV Metropolitan Division",Database Administrators,detailed,"99,100"
27267,DC,"Washington-Arlington-Alexandria, DC-VA-MD-WV Metropolitan Division",Network and Computer Systems Administrators,detailed,"99,160"
27268,DC,"Washington-Arlington-Alexandria, DC-VA-MD-WV Metropolitan Division",Computer Network Architects,detailed,"113,420"
27269,DC,"Washington-Arlington-Alexandria, DC-VA-MD-WV Metropolitan Division",Computer User Support Specialists,detailed,"61,320"
27270,DC,"Washington-Arlington-Alexandria, DC-VA-MD-WV Metropolitan Division",Computer Network Support Specialists,detailed,"81,030"
27271,DC,"Washington-Arlington-Alexandria, DC-VA-MD-WV Metropolitan Division","Computer Occupations, All Other",detailed,"110,210"
27272,DC,"Washington-Arlington-Alexandria, DC-VA-MD-WV Metropolitan Division",Actuaries,detailed,"130,900"
27273,DC,"Washington-Arlington-Alexandria, DC-VA-MD-WV Metropolitan Division",Mathematicians,detailed,"138,660"
27274,DC,"Washington-Arlington-Alexandria, DC-VA-MD-WV Metropolitan Division",Operations Research Analysts,detailed,"109,670"
27275,DC,"Washington-Arlington-Alexandria, DC-VA-MD-WV Metropolitan Division",Statisticians,detailed,"100,460"
27276,DC,"Washington-Arlington-Alexandria, DC-VA-MD-WV Metropolitan Division","Mathematical Science Occupations, All Other",detailed,"78,040"
27278,DC,"Washington-Arlington-Alexandria, DC-VA-MD-WV Metropolitan Division","Architects, Except Landscape and Naval",detailed,"85,570"
27279,DC,"Washington-Arlington-Alexandria, DC-VA-MD-WV Metropolitan Division",Landscape Architects,detailed,"73,320"
27280,DC,"Washington-Arlington-Alexandria, DC-VA-MD-WV Metropolitan Division",Cartographers and Photogrammetrists,detailed,"86,170"
27281,DC,"Washington-Arlington-Alexandria, DC-VA-MD-WV Metropolitan Division",Surveyors,detailed,"63,010"
27282,DC,"Washington-Arlington-Alexandria, DC-VA-MD-WV Metropolitan Division",Aerospace Engineers,detailed,"146,330"
27283,DC,"Washington-Arlington-Alexandria, DC-VA-MD-WV Metropolitan Division",Agricultural Engineers,detailed,"92,820"
27284,DC,"Washington-Arlington-Alexandria, DC-VA-MD-WV Metropolitan Division",Biomedical Engineers,detailed,"100,440"
27285,DC,"Washington-Arlington-Alexandria, DC-VA-MD-WV Metropolitan Division",Chemical Engineers,detailed,"118,650"
27286,DC,"Washington-Arlington-Alexandria, DC-VA-MD-WV Metropolitan Division",Civil Engineers,detailed,"94,190"
27287,DC,"Washington-Arlington-Alexandria, DC-VA-MD-WV Metropolitan Division",Computer Hardware Engineers,detailed,"118,020"
27288,DC,"Washington-Arlington-Alexandria, DC-VA-MD-WV Metropolitan Division",Electrical Engineers,detailed,"114,860"
27289,DC,"Washington-Arlington-Alexandria, DC-VA-MD-WV Metropolitan Division","Electronics Engineers, Except Computer",detailed,"118,510"
27290,DC,"Washington-Arlington-Alexandria, DC-VA-MD-WV Metropolitan Division",Environmental Engineers,detailed,"101,100"
27291,DC,"Washington-Arlington-Alexandria, DC-VA-MD-WV Metropolitan Division","Health and Safety Engineers, Except Mining Safety Engineers and Inspectors",detailed,"102,710"
27292,DC,"Washington-Arlington-Alexandria, DC-VA-MD-WV Metropolitan Division",Industrial Engineers,detailed,"101,120"
27293,DC,"Washington-Arlington-Alexandria, DC-VA-MD-WV Metropolitan Division",Marine Engineers and Naval Architects,detailed,"111,770"
27294,DC,"Washington-Arlington-Alexandria, DC-VA-MD-WV Metropolitan Division",Materials Engineers,detailed,"111,330"
27295,DC,"Washington-Arlington-Alexandria, DC-VA-MD-WV Metropolitan Division",Mechanical Engineers,detailed,"109,860"
27296,DC,"Washington-Arlington-Alexandria, DC-VA-MD-WV Metropolitan Division","Mining and Geological Engineers, Including Mining Safety Engineers",detailed,"65,230"
27297,DC,"Washington-Arlington-Alexandria, DC-VA-MD-WV Metropolitan Division",Nuclear Engineers,detailed,"106,110"
27298,DC,"Washington-Arlington-Alexandria, DC-VA-MD-WV Metropolitan Division",Petroleum Engineers,detailed,"138,240"
27299,DC,"Washington-Arlington-Alexandria, DC-VA-MD-WV Metropolitan Division","Engineers, All Other",detailed,"126,130"
27300,DC,"Washington-Arlington-Alexandria, DC-VA-MD-WV Metropolitan Division",Architectural and Civil Drafters,detailed,"53,410"
27301,DC,"Washington-Arlington-Alexandria, DC-VA-MD-WV Metropolitan Division",Electrical and Electronics Drafters,detailed,"65,980"
27302,DC,"Washington-Arlington-Alexandria, DC-VA-MD-WV Metropolitan Division",Mechanical Drafters,detailed,"61,210"
27303,DC,"Washington-Arlington-Alexandria, DC-VA-MD-WV Metropolitan Division","Drafters, All Other",detailed,"51,120"
27304,DC,"Washington-Arlington-Alexandria, DC-VA-MD-WV Metropolitan Division",Aerospace Engineering and Operations Technicians,detailed,"67,840"
27305,DC,"Washington-Arlington-Alexandria, DC-VA-MD-WV Metropolitan Division",Civil Engineering Technicians,detailed,"46,600"
27306,DC,"Washington-Arlington-Alexandria, DC-VA-MD-WV Metropolitan Division",Electrical and Electronics Engineering Technicians,detailed,"71,800"
27307,DC,"Washington-Arlington-Alexandria, DC-VA-MD-WV Metropolitan Division",Electro-Mechanical Technicians,detailed,"53,330"
27308,DC,"Washington-Arlington-Alexandria, DC-VA-MD-WV Metropolitan Division",Environmental Engineering Technicians,detailed,"56,240"
27309,DC,"Washington-Arlington-Alexandria, DC-VA-MD-WV Metropolitan Division",Industrial Engineering Technicians,detailed,"57,610"
27310,DC,"Washington-Arlington-Alexandria, DC-VA-MD-WV Metropolitan Division",Mechanical Engineering Technicians,detailed,"61,890"
27311,DC,"Washington-Arlington-Alexandria, DC-VA-MD-WV Metropolitan Division","Engineering Technicians, Except Drafters, All Other",detailed,"80,760"
27312,DC,"Washington-Arlington-Alexandria, DC-VA-MD-WV Metropolitan Division",Surveying and Mapping Technicians,detailed,"55,720"
27314,DC,"Washington-Arlington-Alexandria, DC-VA-MD-WV Metropolitan Division",Food Scientists and Technologists,detailed,"88,210"
27315,DC,"Washington-Arlington-Alexandria, DC-VA-MD-WV Metropolitan Division",Soil and Plant Scientists,detailed,"93,120"
27316,DC,"Washington-Arlington-Alexandria, DC-VA-MD-WV Metropolitan Division",Biochemists and Biophysicists,detailed,"105,170"
27317,DC,"Washington-Arlington-Alexandria, DC-VA-MD-WV Metropolitan Division",Microbiologists,detailed,"95,160"
27318,DC,"Washington-Arlington-Alexandria, DC-VA-MD-WV Metropolitan Division",Zoologists and Wildlife Biologists,detailed,"96,520"
27319,DC,"Washington-Arlington-Alexandria, DC-VA-MD-WV Metropolitan Division","Biological Scientists, All Other",detailed,"99,480"
27320,DC,"Washington-Arlington-Alexandria, DC-VA-MD-WV Metropolitan Division",Conservation Scientists,detailed,"79,380"
27321,DC,"Washington-Arlington-Alexandria, DC-VA-MD-WV Metropolitan Division",Epidemiologists,detailed,"94,950"
27322,DC,"Washington-Arlington-Alexandria, DC-VA-MD-WV Metropolitan Division","Medical Scientists, Except Epidemiologists",detailed,"113,320"
27323,DC,"Washington-Arlington-Alexandria, DC-VA-MD-WV Metropolitan Division","Life Scientists, All Other",detailed,"112,950"
27324,DC,"Washington-Arlington-Alexandria, DC-VA-MD-WV Metropolitan Division",Astronomers,detailed,"131,320"
27325,DC,"Washington-Arlington-Alexandria, DC-VA-MD-WV Metropolitan Division",Physicists,detailed,"132,460"
27326,DC,"Washington-Arlington-Alexandria, DC-VA-MD-WV Metropolitan Division",Atmospheric and Space Scientists,detailed,"110,430"
27327,DC,"Washington-Arlington-Alexandria, DC-VA-MD-WV Metropolitan Division",Chemists,detailed,"115,190"
27328,DC,"Washington-Arlington-Alexandria, DC-VA-MD-WV Metropolitan Division",Materials Scientists,detailed,"116,820"
27329,DC,"Washington-Arlington-Alexandria, DC-VA-MD-WV Metropolitan Division","Environmental Scientists and Specialists, Including Health",detailed,"104,280"
27330,DC,"Washington-Arlington-Alexandria, DC-VA-MD-WV Metropolitan Division","Geoscientists, Except Hydrologists and Geographers",detailed,"120,780"
27331,DC,"Washington-Arlington-Alexandria, DC-VA-MD-WV Metropolitan Division",Hydrologists,detailed,"97,970"
27332,DC,"Washington-Arlington-Alexandria, DC-VA-MD-WV Metropolitan Division","Physical Scientists, All Other",detailed,"125,660"
27333,DC,"Washington-Arlington-Alexandria, DC-VA-MD-WV Metropolitan Division",Economists,detailed,"123,740"
27334,DC,"Washington-Arlington-Alexandria, DC-VA-MD-WV Metropolitan Division",Survey Researchers,detailed,"74,410"
27335,DC,"Washington-Arlington-Alexandria, DC-VA-MD-WV Metropolitan Division","Clinical, Counseling, and School Psychologists",detailed,"88,730"
27336,DC,"Washington-Arlington-Alexandria, DC-VA-MD-WV Metropolitan Division",Industrial-Organizational Psychologists,detailed,"104,000"
27337,DC,"Washington-Arlington-Alexandria, DC-VA-MD-WV Metropolitan Division","Psychologists, All Other",detailed,"100,470"
27338,DC,"Washington-Arlington-Alexandria, DC-VA-MD-WV Metropolitan Division",Sociologists,detailed,"111,070"
27339,DC,"Washington-Arlington-Alexandria, DC-VA-MD-WV Metropolitan Division",Urban and Regional Planners,detailed,"84,650"
27340,DC,"Washington-Arlington-Alexandria, DC-VA-MD-WV Metropolitan Division",Anthropologists and Archeologists,detailed,"87,200"
27341,DC,"Washington-Arlington-Alexandria, DC-VA-MD-WV Metropolitan Division",Historians,detailed,"95,770"
27342,DC,"Washington-Arlington-Alexandria, DC-VA-MD-WV Metropolitan Division",Political Scientists,detailed,"117,140"
27343,DC,"Washington-Arlington-Alexandria, DC-VA-MD-WV Metropolitan Division","Social Scientists and Related Workers, All Other",detailed,"106,830"
27344,DC,"Washington-Arlington-Alexandria, DC-VA-MD-WV Metropolitan Division",Agricultural and Food Science Technicians,detailed,"55,400"
27345,DC,"Washington-Arlington-Alexandria, DC-VA-MD-WV Metropolitan Division",Biological Technicians,detailed,"50,800"
27346,DC,"Washington-Arlington-Alexandria, DC-VA-MD-WV Metropolitan Division",Chemical Technicians,detailed,"51,720"
27347,DC,"Washington-Arlington-Alexandria, DC-VA-MD-WV Metropolitan Division",Social Science Research Assistants,detailed,"48,310"
27348,DC,"Washington-Arlington-Alexandria, DC-VA-MD-WV Metropolitan Division","Environmental Science and Protection Technicians, Including Health",detailed,"60,040"
27349,DC,"Washington-Arlington-Alexandria, DC-VA-MD-WV Metropolitan Division",Forensic Science Technicians,detailed,"76,980"
27350,DC,"Washington-Arlington-Alexandria, DC-VA-MD-WV Metropolitan Division",Forest and Conservation Technicians,detailed,"51,200"
27351,DC,"Washington-Arlington-Alexandria, DC-VA-MD-WV Metropolitan Division","Life, Physical, and Social Science Technicians, All Other",detailed,"58,680"
27353,DC,"Washington-Arlington-Alexandria, DC-VA-MD-WV Metropolitan Division",Substance Abuse and Behavioral Disorder Counselors,detailed,"61,910"
27354,DC,"Washington-Arlington-Alexandria, DC-VA-MD-WV Metropolitan Division","Educational, Guidance, School, and Vocational Counselors",detailed,"68,920"
27355,DC,"Washington-Arlington-Alexandria, DC-VA-MD-WV Metropolitan Division",Marriage and Family Therapists,detailed,"54,310"
27356,DC,"Washington-Arlington-Alexandria, DC-VA-MD-WV Metropolitan Division",Mental Health Counselors,detailed,"49,500"
27357,DC,"Washington-Arlington-Alexandria, DC-VA-MD-WV Metropolitan Division",Rehabilitation Counselors,detailed,"44,810"
27358,DC,"Washington-Arlington-Alexandria, DC-VA-MD-WV Metropolitan Division","Counselors, All Other",detailed,"44,080"
27359,DC,"Washington-Arlington-Alexandria, DC-VA-MD-WV Metropolitan Division","Child, Family, and School Social Workers",detailed,"61,620"
27360,DC,"Washington-Arlington-Alexandria, DC-VA-MD-WV Metropolitan Division",Healthcare Social Workers,detailed,"61,480"
27361,DC,"Washington-Arlington-Alexandria, DC-VA-MD-WV Metropolitan Division",Mental Health and Substance Abuse Social Workers,detailed,"58,030"
27362,DC,"Washington-Arlington-Alexandria, DC-VA-MD-WV Metropolitan Division","Social Workers, All Other",detailed,"70,620"
27363,DC,"Washington-Arlington-Alexandria, DC-VA-MD-WV Metropolitan Division",Health Educators,detailed,"77,850"
27364,DC,"Washington-Arlington-Alexandria, DC-VA-MD-WV Metropolitan Division",Probation Officers and Correctional Treatment Specialists,detailed,"55,980"
27365,DC,"Washington-Arlington-Alexandria, DC-VA-MD-WV Metropolitan Division",Social and Human Service Assistants,detailed,"39,020"
27366,DC,"Washington-Arlington-Alexandria, DC-VA-MD-WV Metropolitan Division",Community Health Workers,detailed,"62,010"
27367,DC,"Washington-Arlington-Alexandria, DC-VA-MD-WV Metropolitan Division","Community and Social Service Specialists, All Other",detailed,"49,870"
27368,DC,"Washington-Arlington-Alexandria, DC-VA-MD-WV Metropolitan Division",Clergy,detailed,"50,760"
27369,DC,"Washington-Arlington-Alexandria, DC-VA-MD-WV Metropolitan Division","Directors, Religious Activities and Education",detailed,"52,250"
27370,DC,"Washington-Arlington-Alexandria, DC-VA-MD-WV Metropolitan Division","Religious Workers, All Other",detailed,"53,010"
27372,DC,"Washington-Arlington-Alexandria, DC-VA-MD-WV Metropolitan Division",Lawyers,detailed,"166,590"
27373,DC,"Washington-Arlington-Alexandria, DC-VA-MD-WV Metropolitan Division",Judicial Law Clerks,detailed,"60,530"
27374,DC,"Washington-Arlington-Alexandria, DC-VA-MD-WV Metropolitan Division","Administrative Law Judges, Adjudicators, and Hearing Officers",detailed,"127,220"
27375,DC,"Washington-Arlington-Alexandria, DC-VA-MD-WV Metropolitan Division","Arbitrators, Mediators, and Conciliators",detailed,*
27376,DC,"Washington-Arlington-Alexandria, DC-VA-MD-WV Metropolitan Division","Judges, Magistrate Judges, and Magistrates",detailed,"186,820"
27377,DC,"Washington-Arlington-Alexandria, DC-VA-MD-WV Metropolitan Division",Paralegals and Legal Assistants,detailed,"69,560"
27378,DC,"Washington-Arlington-Alexandria, DC-VA-MD-WV Metropolitan Division",Court Reporters,detailed,"44,350"
27379,DC,"Washington-Arlington-Alexandria, DC-VA-MD-WV Metropolitan Division","Title Examiners, Abstractors, and Searchers",detailed,"55,290"
27380,DC,"Washington-Arlington-Alexandria, DC-VA-MD-WV Metropolitan Division","Legal Support Workers, All Other",detailed,"100,290"
27382,DC,"Washington-Arlington-Alexandria, DC-VA-MD-WV Metropolitan Division","Business Teachers, Postsecondary",detailed,"104,560"
27383,DC,"Washington-Arlington-Alexandria, DC-VA-MD-WV Metropolitan Division","Computer Science Teachers, Postsecondary",detailed,"94,510"
27384,DC,"Washington-Arlington-Alexandria, DC-VA-MD-WV Metropolitan Division","Mathematical Science Teachers, Postsecondary",detailed,"79,320"
27385,DC,"Washington-Arlington-Alexandria, DC-VA-MD-WV Metropolitan Division","Architecture Teachers, Postsecondary",detailed,"79,240"
27386,DC,"Washington-Arlington-Alexandria, DC-VA-MD-WV Metropolitan Division","Engineering Teachers, Postsecondary",detailed,"112,770"
27387,DC,"Washington-Arlington-Alexandria, DC-VA-MD-WV Metropolitan Division","Agricultural Sciences Teachers, Postsecondary",detailed,"88,650"
27388,DC,"Washington-Arlington-Alexandria, DC-VA-MD-WV Metropolitan Division","Biological Science Teachers, Postsecondary",detailed,"85,290"
27389,DC,"Washington-Arlington-Alexandria, DC-VA-MD-WV Metropolitan Division","Atmospheric, Earth, Marine, and Space Sciences Teachers, Postsecondary",detailed,"100,040"
27390,DC,"Washington-Arlington-Alexandria, DC-VA-MD-WV Metropolitan Division","Chemistry Teachers, Postsecondary",detailed,"81,060"
27391,DC,"Washington-Arlington-Alexandria, DC-VA-MD-WV Metropolitan Division","Environmental Science Teachers, Postsecondary",detailed,"95,220"
27392,DC,"Washington-Arlington-Alexandria, DC-VA-MD-WV Metropolitan Division","Physics Teachers, Postsecondary",detailed,"112,440"
27393,DC,"Washington-Arlington-Alexandria, DC-VA-MD-WV Metropolitan Division","Anthropology and Archeology Teachers, Postsecondary",detailed,"79,800"
27394,DC,"Washington-Arlington-Alexandria, DC-VA-MD-WV Metropolitan Division","Area, Ethnic, and Cultural Studies Teachers, Postsecondary",detailed,"91,720"
27395,DC,"Washington-Arlington-Alexandria, DC-VA-MD-WV Metropolitan Division","Economics Teachers, Postsecondary",detailed,"113,670"
27396,DC,"Washington-Arlington-Alexandria, DC-VA-MD-WV Metropolitan Division","Geography Teachers, Postsecondary",detailed,"81,890"
27397,DC,"Washington-Arlington-Alexandria, DC-VA-MD-WV Metropolitan Division","Political Science Teachers, Postsecondary",detailed,"98,480"
27398,DC,"Washington-Arlington-Alexandria, DC-VA-MD-WV Metropolitan Division","Psychology Teachers, Postsecondary",detailed,"84,610"
27399,DC,"Washington-Arlington-Alexandria, DC-VA-MD-WV Metropolitan Division","Sociology Teachers, Postsecondary",detailed,"80,620"
27400,DC,"Washington-Arlington-Alexandria, DC-VA-MD-WV Metropolitan Division","Health Specialties Teachers, Postsecondary",detailed,"115,370"
27401,DC,"Washington-Arlington-Alexandria, DC-VA-MD-WV Metropolitan Division","Nursing Instructors and Teachers, Postsecondary",detailed,"70,680"
27402,DC,"Washington-Arlington-Alexandria, DC-VA-MD-WV Metropolitan Division","Education Teachers, Postsecondary",detailed,"69,570"
27403,DC,"Washington-Arlington-Alexandria, DC-VA-MD-WV Metropolitan Division","Library Science Teachers, Postsecondary",detailed,"80,660"
27404,DC,"Washington-Arlington-Alexandria, DC-VA-MD-WV Metropolitan Division","Criminal Justice and Law Enforcement Teachers, Postsecondary",detailed,"83,910"
27405,DC,"Washington-Arlington-Alexandria, DC-VA-MD-WV Metropolitan Division","Law Teachers, Postsecondary",detailed,"118,670"
27406,DC,"Washington-Arlington-Alexandria, DC-VA-MD-WV Metropolitan Division","Social Work Teachers, Postsecondary",detailed,"72,390"
27407,DC,"Washington-Arlington-Alexandria, DC-VA-MD-WV Metropolitan Division","Art, Drama, and Music Teachers, Postsecondary",detailed,"77,190"
27408,DC,"Washington-Arlington-Alexandria, DC-VA-MD-WV Metropolitan Division","Communications Teachers, Postsecondary",detailed,"76,630"
27409,DC,"Washington-Arlington-Alexandria, DC-VA-MD-WV Metropolitan Division","English Language and Literature Teachers, Postsecondary",detailed,"67,130"
27410,DC,"Washington-Arlington-Alexandria, DC-VA-MD-WV Metropolitan Division","Foreign Language and Literature Teachers, Postsecondary",detailed,"60,300"
27411,DC,"Washington-Arlington-Alexandria, DC-VA-MD-WV Metropolitan Division","History Teachers, Postsecondary",detailed,"74,180"
27412,DC,"Washington-Arlington-Alexandria, DC-VA-MD-WV Metropolitan Division","Philosophy and Religion Teachers, Postsecondary",detailed,"75,900"
27413,DC,"Washington-Arlington-Alexandria, DC-VA-MD-WV Metropolitan Division",Graduate Teaching Assistants,detailed,"43,070"
27414,DC,"Washington-Arlington-Alexandria, DC-VA-MD-WV Metropolitan Division","Recreation and Fitness Studies Teachers, Postsecondary",detailed,"60,130"
27415,DC,"Washington-Arlington-Alexandria, DC-VA-MD-WV Metropolitan Division","Vocational Education Teachers, Postsecondary",detailed,"55,210"
27416,DC,"Washington-Arlington-Alexandria, DC-VA-MD-WV Metropolitan Division","Postsecondary Teachers, All Other",detailed,"64,990"
27417,DC,"Washington-Arlington-Alexandria, DC-VA-MD-WV Metropolitan Division","Preschool Teachers, Except Special Education",detailed,"37,670"
27418,DC,"Washington-Arlington-Alexandria, DC-VA-MD-WV Metropolitan Division","Kindergarten Teachers, Except Special Education",detailed,"68,750"
27419,DC,"Washington-Arlington-Alexandria, DC-VA-MD-WV Metropolitan Division","Elementary School Teachers, Except Special Education",detailed,"70,210"
27420,DC,"Washington-Arlington-Alexandria, DC-VA-MD-WV Metropolitan Division","Middle School Teachers, Except Special and Career/Technical Education",detailed,"72,700"
27421,DC,"Washington-Arlington-Alexandria, DC-VA-MD-WV Metropolitan Division","Career/Technical Education Teachers, Middle School",detailed,"69,340"
27422,DC,"Washington-Arlington-Alexandria, DC-VA-MD-WV Metropolitan Division","Secondary School Teachers, Except Special and Career/Technical Education",detailed,"73,330"
27423,DC,"Washington-Arlington-Alexandria, DC-VA-MD-WV Metropolitan Division","Career/Technical Education Teachers, Secondary School",detailed,"71,720"
27424,DC,"Washington-Arlington-Alexandria, DC-VA-MD-WV Metropolitan Division","Special Education Teachers, Preschool",detailed,"81,710"
27425,DC,"Washington-Arlington-Alexandria, DC-VA-MD-WV Metropolitan Division","Special Education Teachers, Kindergarten and Elementary School",detailed,"69,350"
27426,DC,"Washington-Arlington-Alexandria, DC-VA-MD-WV Metropolitan Division","Special Education Teachers, Middle School",detailed,"75,050"
27427,DC,"Washington-Arlington-Alexandria, DC-VA-MD-WV Metropolitan Division","Special Education Teachers, Secondary School",detailed,"76,530"
27428,DC,"Washington-Arlington-Alexandria, DC-VA-MD-WV Metropolitan Division","Special Education Teachers, All Other",detailed,"83,890"
27429,DC,"Washington-Arlington-Alexandria, DC-VA-MD-WV Metropolitan Division",Adult Basic and Secondary Education and Literacy Teachers and Instructors,detailed,"54,640"
27430,DC,"Washington-Arlington-Alexandria, DC-VA-MD-WV Metropolitan Division",Self-Enrichment Education Teachers,detailed,"42,110"
27431,DC,"Washington-Arlington-Alexandria, DC-VA-MD-WV Metropolitan Division","Teachers and Instructors, All Other, Except Substitute Teachers",detailed,"65,800"
27432,DC,"Washington-Arlington-Alexandria, DC-VA-MD-WV Metropolitan Division",Substitute Teachers,detailed,"31,530"
27433,DC,"Washington-Arlington-Alexandria, DC-VA-MD-WV Metropolitan Division",Archivists,detailed,"76,640"
27434,DC,"Washington-Arlington-Alexandria, DC-VA-MD-WV Metropolitan Division",Curators,detailed,"80,670"
27435,DC,"Washington-Arlington-Alexandria, DC-VA-MD-WV Metropolitan Division",Museum Technicians and Conservators,detailed,"65,980"
27436,DC,"Washington-Arlington-Alexandria, DC-VA-MD-WV Metropolitan Division",Librarians,detailed,"78,030"
27437,DC,"Washington-Arlington-Alexandria, DC-VA-MD-WV Metropolitan Division",Library Technicians,detailed,"43,330"
27438,DC,"Washington-Arlington-Alexandria, DC-VA-MD-WV Metropolitan Division",Audio-Visual and Multimedia Collections Specialists,detailed,"46,810"
27439,DC,"Washington-Arlington-Alexandria, DC-VA-MD-WV Metropolitan Division",Farm and Home Management Advisors,detailed,"64,210"
27440,DC,"Washington-Arlington-Alexandria, DC-VA-MD-WV Metropolitan Division",Instructional Coordinators,detailed,"77,590"
27441,DC,"Washington-Arlington-Alexandria, DC-VA-MD-WV Metropolitan Division",Teacher Assistants,detailed,"32,050"
27442,DC,"Washington-Arlington-Alexandria, DC-VA-MD-WV Metropolitan Division","Education, Training, and Library Workers, All Other",detailed,"43,940"
27444,DC,"Washington-Arlington-Alexandria, DC-VA-MD-WV Metropolitan Division",Art Directors,detailed,"101,080"
27445,DC,"Washington-Arlington-Alexandria, DC-VA-MD-WV Metropolitan Division","Fine Artists, Including Painters, Sculptors, and Illustrators",detailed,"57,310"
27446,DC,"Washington-Arlington-Alexandria, DC-VA-MD-WV Metropolitan Division",Multimedia Artists and Animators,detailed,"70,880"
27447,DC,"Washington-Arlington-Alexandria, DC-VA-MD-WV Metropolitan Division","Artists and Related Workers, All Other",detailed,"86,660"
27448,DC,"Washington-Arlington-Alexandria, DC-VA-MD-WV Metropolitan Division",Commercial and Industrial Designers,detailed,"63,580"
27449,DC,"Washington-Arlington-Alexandria, DC-VA-MD-WV Metropolitan Division",Fashion Designers,detailed,"54,640"
27450,DC,"Washington-Arlington-Alexandria, DC-VA-MD-WV Metropolitan Division",Floral Designers,detailed,"32,140"
27451,DC,"Washington-Arlington-Alexandria, DC-VA-MD-WV Metropolitan Division",Graphic Designers,detailed,"66,530"
27452,DC,"Washington-Arlington-Alexandria, DC-VA-MD-WV Metropolitan Division",Interior Designers,detailed,"73,500"
27453,DC,"Washington-Arlington-Alexandria, DC-VA-MD-WV Metropolitan Division",Merchandise Displayers and Window Trimmers,detailed,"35,490"
27454,DC,"Washington-Arlington-Alexandria, DC-VA-MD-WV Metropolitan Division",Set and Exhibit Designers,detailed,"62,320"
27455,DC,"Washington-Arlington-Alexandria, DC-VA-MD-WV Metropolitan Division","Designers, All Other",detailed,"46,510"
27456,DC,"Washington-Arlington-Alexandria, DC-VA-MD-WV Metropolitan Division",Actors,detailed,*
27457,DC,"Washington-Arlington-Alexandria, DC-VA-MD-WV Metropolitan Division",Producers and Directors,detailed,"82,550"
27458,DC,"Washington-Arlington-Alexandria, DC-VA-MD-WV Metropolitan Division",Coaches and Scouts,detailed,"41,540"
27459,DC,"Washington-Arlington-Alexandria, DC-VA-MD-WV Metropolitan Division","Umpires, Referees, and Other Sports Officials",detailed,"40,280"
27460,DC,"Washington-Arlington-Alexandria, DC-VA-MD-WV Metropolitan Division",Dancers,detailed,*
27461,DC,"Washington-Arlington-Alexandria, DC-VA-MD-WV Metropolitan Division",Choreographers,detailed,"49,980"
27462,DC,"Washington-Arlington-Alexandria, DC-VA-MD-WV Metropolitan Division",Music Directors and Composers,detailed,"61,520"
27463,DC,"Washington-Arlington-Alexandria, DC-VA-MD-WV Metropolitan Division",Musicians and Singers,detailed,*
27464,DC,"Washington-Arlington-Alexandria, DC-VA-MD-WV Metropolitan Division","Entertainers and Performers, Sports and Related Workers, All Other",detailed,*
27465,DC,"Washington-Arlington-Alexandria, DC-VA-MD-WV Metropolitan Division",Radio and Television Announcers,detailed,"60,980"
27466,DC,"Washington-Arlington-Alexandria, DC-VA-MD-WV Metropolitan Division",Public Address System and Other Announcers,detailed,"61,640"
27467,DC,"Washington-Arlington-Alexandria, DC-VA-MD-WV Metropolitan Division",Broadcast News Analysts,detailed,"90,460"
27468,DC,"Washington-Arlington-Alexandria, DC-VA-MD-WV Metropolitan Division",Reporters and Correspondents,detailed,"75,320"
27469,DC,"Washington-Arlington-Alexandria, DC-VA-MD-WV Metropolitan Division",Public Relations Specialists,detailed,"96,090"
27470,DC,"Washington-Arlington-Alexandria, DC-VA-MD-WV Metropolitan Division",Editors,detailed,"81,470"
27471,DC,"Washington-Arlington-Alexandria, DC-VA-MD-WV Metropolitan Division",Technical Writers,detailed,"84,670"
27472,DC,"Washington-Arlington-Alexandria, DC-VA-MD-WV Metropolitan Division",Writers and Authors,detailed,"90,040"
27473,DC,"Washington-Arlington-Alexandria, DC-VA-MD-WV Metropolitan Division",Interpreters and Translators,detailed,"74,940"
27474,DC,"Washington-Arlington-Alexandria, DC-VA-MD-WV Metropolitan Division","Media and Communication Workers, All Other",detailed,"70,220"
27475,DC,"Washington-Arlington-Alexandria, DC-VA-MD-WV Metropolitan Division",Audio and Video Equipment Technicians,detailed,"49,690"
27476,DC,"Washington-Arlington-Alexandria, DC-VA-MD-WV Metropolitan Division",Broadcast Technicians,detailed,"67,130"
27477,DC,"Washington-Arlington-Alexandria, DC-VA-MD-WV Metropolitan Division",Radio Operators,detailed,"50,680"
27478,DC,"Washington-Arlington-Alexandria, DC-VA-MD-WV Metropolitan Division",Sound Engineering Technicians,detailed,"56,440"
27479,DC,"Washington-Arlington-Alexandria, DC-VA-MD-WV Metropolitan Division",Photographers,detailed,"46,550"
27480,DC,"Washington-Arlington-Alexandria, DC-VA-MD-WV Metropolitan Division","Camera Operators, Television, Video, and Motion Picture",detailed,"85,470"
27481,DC,"Washington-Arlington-Alexandria, DC-VA-MD-WV Metropolitan Division",Film and Video Editors,detailed,"73,420"
27482,DC,"Washington-Arlington-Alexandria, DC-VA-MD-WV Metropolitan Division","Media and Communication Equipment Workers, All Other",detailed,"94,250"
27484,DC,"Washington-Arlington-Alexandria, DC-VA-MD-WV Metropolitan Division",Chiropractors,detailed,"83,900"
27485,DC,"Washington-Arlington-Alexandria, DC-VA-MD-WV Metropolitan Division","Dentists, General",detailed,"160,590"
27486,DC,"Washington-Arlington-Alexandria, DC-VA-MD-WV Metropolitan Division","Dentists, All Other Specialists",detailed,"167,050"
27487,DC,"Washington-Arlington-Alexandria, DC-VA-MD-WV Metropolitan Division",Dietitians and Nutritionists,detailed,"61,400"
27488,DC,"Washington-Arlington-Alexandria, DC-VA-MD-WV Metropolitan Division",Optometrists,detailed,"126,410"
27489,DC,"Washington-Arlington-Alexandria, DC-VA-MD-WV Metropolitan Division",Pharmacists,detailed,"113,070"
27490,DC,"Washington-Arlington-Alexandria, DC-VA-MD-WV Metropolitan Division",Anesthesiologists,detailed,"183,030"
27491,DC,"Washington-Arlington-Alexandria, DC-VA-MD-WV Metropolitan Division",Family and General Practitioners,detailed,"166,380"
27492,DC,"Washington-Arlington-Alexandria, DC-VA-MD-WV Metropolitan Division","Internists, General",detailed,"149,360"
27493,DC,"Washington-Arlington-Alexandria, DC-VA-MD-WV Metropolitan Division",Obstetricians and Gynecologists,detailed,"204,250"
27494,DC,"Washington-Arlington-Alexandria, DC-VA-MD-WV Metropolitan Division","Pediatricians, General",detailed,"132,900"
27495,DC,"Washington-Arlington-Alexandria, DC-VA-MD-WV Metropolitan Division",Psychiatrists,detailed,"183,560"
27496,DC,"Washington-Arlington-Alexandria, DC-VA-MD-WV Metropolitan Division",Surgeons,detailed,"207,400"
27497,DC,"Washington-Arlington-Alexandria, DC-VA-MD-WV Metropolitan Division","Physicians and Surgeons, All Other",detailed,"205,700"
27498,DC,"Washington-Arlington-Alexandria, DC-VA-MD-WV Metropolitan Division",Physician Assistants,detailed,"93,660"
27499,DC,"Washington-Arlington-Alexandria, DC-VA-MD-WV Metropolitan Division",Podiatrists,detailed,"137,360"
27500,DC,"Washington-Arlington-Alexandria, DC-VA-MD-WV Metropolitan Division",Occupational Therapists,detailed,"93,880"
27501,DC,"Washington-Arlington-Alexandria, DC-VA-MD-WV Metropolitan Division",Physical Therapists,detailed,"87,220"
27502,DC,"Washington-Arlington-Alexandria, DC-VA-MD-WV Metropolitan Division",Radiation Therapists,detailed,"85,310"
27503,DC,"Washington-Arlington-Alexandria, DC-VA-MD-WV Metropolitan Division",Recreational Therapists,detailed,"50,800"
27504,DC,"Washington-Arlington-Alexandria, DC-VA-MD-WV Metropolitan Division",Respiratory Therapists,detailed,"68,170"
27505,DC,"Washington-Arlington-Alexandria, DC-VA-MD-WV Metropolitan Division",Speech-Language Pathologists,detailed,"88,150"
27506,DC,"Washington-Arlington-Alexandria, DC-VA-MD-WV Metropolitan Division",Exercise Physiologists,detailed,"32,130"
27507,DC,"Washington-Arlington-Alexandria, DC-VA-MD-WV Metropolitan Division","Therapists, All Other",detailed,"51,420"
27508,DC,"Washington-Arlington-Alexandria, DC-VA-MD-WV Metropolitan Division",Veterinarians,detailed,"123,250"
27509,DC,"Washington-Arlington-Alexandria, DC-VA-MD-WV Metropolitan Division",Registered Nurses,detailed,"77,820"
27510,DC,"Washington-Arlington-Alexandria, DC-VA-MD-WV Metropolitan Division",Nurse Anesthetists,detailed,"176,150"
27511,DC,"Washington-Arlington-Alexandria, DC-VA-MD-WV Metropolitan Division",Nurse Midwives,detailed,"98,730"
27512,DC,"Washington-Arlington-Alexandria, DC-VA-MD-WV Metropolitan Division",Nurse Practitioners,detailed,"102,720"
27513,DC,"Washington-Arlington-Alexandria, DC-VA-MD-WV Metropolitan Division",Audiologists,detailed,"96,620"
27514,DC,"Washington-Arlington-Alexandria, DC-VA-MD-WV Metropolitan Division","Health Diagnosing and Treating Practitioners, All Other",detailed,"115,590"
27515,DC,"Washington-Arlington-Alexandria, DC-VA-MD-WV Metropolitan Division",Medical and Clinical Laboratory Technologists,detailed,"66,640"
27516,DC,"Washington-Arlington-Alexandria, DC-VA-MD-WV Metropolitan Division",Medical and Clinical Laboratory Technicians,detailed,"42,670"
27517,DC,"Washington-Arlington-Alexandria, DC-VA-MD-WV Metropolitan Division",Dental Hygienists,detailed,"90,400"
27518,DC,"Washington-Arlington-Alexandria, DC-VA-MD-WV Metropolitan Division",Cardiovascular Technologists and Technicians,detailed,"67,010"
27519,DC,"Washington-Arlington-Alexandria, DC-VA-MD-WV Metropolitan Division",Diagnostic Medical Sonographers,detailed,"78,530"
27520,DC,"Washington-Arlington-Alexandria, DC-VA-MD-WV Metropolitan Division",Nuclear Medicine Technologists,detailed,"82,870"
27521,DC,"Washington-Arlington-Alexandria, DC-VA-MD-WV Metropolitan Division",Radiologic Technologists,detailed,"69,410"
27522,DC,"Washington-Arlington-Alexandria, DC-VA-MD-WV Metropolitan Division",Magnetic Resonance Imaging Technologists,detailed,"83,760"
27523,DC,"Washington-Arlington-Alexandria, DC-VA-MD-WV Metropolitan Division",Emergency Medical Technicians and Paramedics,detailed,"47,010"
27524,DC,"Washington-Arlington-Alexandria, DC-VA-MD-WV Metropolitan Division",Dietetic Technicians,detailed,"34,050"
27525,DC,"Washington-Arlington-Alexandria, DC-VA-MD-WV Metropolitan Division",Pharmacy Technicians,detailed,"32,340"
27526,DC,"Washington-Arlington-Alexandria, DC-VA-MD-WV Metropolitan Division",Psychiatric Technicians,detailed,"35,200"
27527,DC,"Washington-Arlington-Alexandria, DC-VA-MD-WV Metropolitan Division",Respiratory Therapy Technicians,detailed,*
27528,DC,"Washington-Arlington-Alexandria, DC-VA-MD-WV Metropolitan Division",Surgical Technologists,detailed,"54,970"
27529,DC,"Washington-Arlington-Alexandria, DC-VA-MD-WV Metropolitan Division",Veterinary Technologists and Technicians,detailed,"38,930"
27530,DC,"Washington-Arlington-Alexandria, DC-VA-MD-WV Metropolitan Division",Ophthalmic Medical Technicians,detailed,"44,050"
27531,DC,"Washington-Arlington-Alexandria, DC-VA-MD-WV Metropolitan Division",Licensed Practical and Licensed Vocational Nurses,detailed,"49,380"
27532,DC,"Washington-Arlington-Alexandria, DC-VA-MD-WV Metropolitan Division",Medical Records and Health Information Technicians,detailed,"53,030"
27533,DC,"Washington-Arlington-Alexandria, DC-VA-MD-WV Metropolitan Division","Opticians, Dispensing",detailed,"40,550"
27534,DC,"Washington-Arlington-Alexandria, DC-VA-MD-WV Metropolitan Division",Orthotists and Prosthetists,detailed,"75,780"
27535,DC,"Washington-Arlington-Alexandria, DC-VA-MD-WV Metropolitan Division",Hearing Aid Specialists,detailed,"44,000"
27536,DC,"Washington-Arlington-Alexandria, DC-VA-MD-WV Metropolitan Division","Health Technologists and Technicians, All Other",detailed,"47,180"
27537,DC,"Washington-Arlington-Alexandria, DC-VA-MD-WV Metropolitan Division",Occupational Health and Safety Specialists,detailed,"82,440"
27538,DC,"Washington-Arlington-Alexandria, DC-VA-MD-WV Metropolitan Division",Occupational Health and Safety Technicians,detailed,"75,530"
27539,DC,"Washington-Arlington-Alexandria, DC-VA-MD-WV Metropolitan Division",Athletic Trainers,detailed,"52,710"
27540,DC,"Washington-Arlington-Alexandria, DC-VA-MD-WV Metropolitan Division","Healthcare Practitioners and Technical Workers, All Other",detailed,"73,880"
27542,DC,"Washington-Arlington-Alexandria, DC-VA-MD-WV Metropolitan Division",Home Health Aides,detailed,"25,780"
27543,DC,"Washington-Arlington-Alexandria, DC-VA-MD-WV Metropolitan Division",Psychiatric Aides,detailed,"29,010"
27544,DC,"Washington-Arlington-Alexandria, DC-VA-MD-WV Metropolitan Division",Nursing Assistants,detailed,"28,920"
27545,DC,"Washington-Arlington-Alexandria, DC-VA-MD-WV Metropolitan Division",Orderlies,detailed,"27,600"
27546,DC,"Washington-Arlington-Alexandria, DC-VA-MD-WV Metropolitan Division",Occupational Therapy Assistants,detailed,"60,910"
27547,DC,"Washington-Arlington-Alexandria, DC-VA-MD-WV Metropolitan Division",Occupational Therapy Aides,detailed,"37,020"
27548,DC,"Washington-Arlington-Alexandria, DC-VA-MD-WV Metropolitan Division",Physical Therapist Assistants,detailed,"49,840"
27549,DC,"Washington-Arlington-Alexandria, DC-VA-MD-WV Metropolitan Division",Physical Therapist Aides,detailed,"28,030"
27550,DC,"Washington-Arlington-Alexandria, DC-VA-MD-WV Metropolitan Division",Massage Therapists,detailed,"44,230"
27551,DC,"Washington-Arlington-Alexandria, DC-VA-MD-WV Metropolitan Division",Dental Assistants,detailed,"41,440"
27552,DC,"Washington-Arlington-Alexandria, DC-VA-MD-WV Metropolitan Division",Medical Assistants,detailed,"35,930"
27553,DC,"Washington-Arlington-Alexandria, DC-VA-MD-WV Metropolitan Division",Medical Equipment Preparers,detailed,"38,780"
27554,DC,"Washington-Arlington-Alexandria, DC-VA-MD-WV Metropolitan Division",Medical Transcriptionists,detailed,"45,980"
27555,DC,"Washington-Arlington-Alexandria, DC-VA-MD-WV Metropolitan Division",Pharmacy Aides,detailed,"30,580"
27556,DC,"Washington-Arlington-Alexandria, DC-VA-MD-WV Metropolitan Division",Veterinary Assistants and Laboratory Animal Caretakers,detailed,"30,460"
27557,DC,"Washington-Arlington-Alexandria, DC-VA-MD-WV Metropolitan Division",Phlebotomists,detailed,"36,650"
27558,DC,"Washington-Arlington-Alexandria, DC-VA-MD-WV Metropolitan Division","Healthcare Support Workers, All Other",detailed,"40,330"
27560,DC,"Washington-Arlington-Alexandria, DC-VA-MD-WV Metropolitan Division",First-Line Supervisors of Correctional Officers,detailed,"74,820"
27561,DC,"Washington-Arlington-Alexandria, DC-VA-MD-WV Metropolitan Division",First-Line Supervisors of Police and Detectives,detailed,"113,670"
27562,DC,"Washington-Arlington-Alexandria, DC-VA-MD-WV Metropolitan Division",First-Line Supervisors of Fire Fighting and Prevention Workers,detailed,"93,050"
27563,DC,"Washington-Arlington-Alexandria, DC-VA-MD-WV Metropolitan Division","First-Line Supervisors of Protective Service Workers, All Other",detailed,"55,810"
27564,DC,"Washington-Arlington-Alexandria, DC-VA-MD-WV Metropolitan Division",Firefighters,detailed,"58,080"
27565,DC,"Washington-Arlington-Alexandria, DC-VA-MD-WV Metropolitan Division",Fire Inspectors and Investigators,detailed,"65,220"
27566,DC,"Washington-Arlington-Alexandria, DC-VA-MD-WV Metropolitan Division",Bailiffs,detailed,"49,780"
27567,DC,"Washington-Arlington-Alexandria, DC-VA-MD-WV Metropolitan Division",Correctional Officers and Jailers,detailed,"50,840"
27568,DC,"Washington-Arlington-Alexandria, DC-VA-MD-WV Metropolitan Division",Detectives and Criminal Investigators,detailed,"117,230"
27569,DC,"Washington-Arlington-Alexandria, DC-VA-MD-WV Metropolitan Division",Parking Enforcement Workers,detailed,"44,410"
27570,DC,"Washington-Arlington-Alexandria, DC-VA-MD-WV Metropolitan Division",Police and Sheriff's Patrol Officers,detailed,"67,760"
27571,DC,"Washington-Arlington-Alexandria, DC-VA-MD-WV Metropolitan Division",Transit and Railroad Police,detailed,"71,010"
27572,DC,"Washington-Arlington-Alexandria, DC-VA-MD-WV Metropolitan Division",Animal Control Workers,detailed,"48,300"
27573,DC,"Washington-Arlington-Alexandria, DC-VA-MD-WV Metropolitan Division",Private Detectives and Investigators,detailed,"64,270"
27574,DC,"Washington-Arlington-Alexandria, DC-VA-MD-WV Metropolitan Division",Security Guards,detailed,"38,600"
27575,DC,"Washington-Arlington-Alexandria, DC-VA-MD-WV Metropolitan Division",Crossing Guards,detailed,"32,290"
27576,DC,"Washington-Arlington-Alexandria, DC-VA-MD-WV Metropolitan Division","Lifeguards, Ski Patrol, and Other Recreational Protective Service Workers",detailed,"22,960"
27577,DC,"Washington-Arlington-Alexandria, DC-VA-MD-WV Metropolitan Division",Transportation Security Screeners,detailed,"45,220"
27578,DC,"Washington-Arlington-Alexandria, DC-VA-MD-WV Metropolitan Division","Protective Service Workers, All Other",detailed,"41,510"
27580,DC,"Washington-Arlington-Alexandria, DC-VA-MD-WV Metropolitan Division",Chefs and Head Cooks,detailed,"60,420"
27581,DC,"Washington-Arlington-Alexandria, DC-VA-MD-WV Metropolitan Division",First-Line Supervisors of Food Preparation and Serving Workers,detailed,"40,400"
27582,DC,"Washington-Arlington-Alexandria, DC-VA-MD-WV Metropolitan Division","Cooks, Fast Food",detailed,"20,280"
27583,DC,"Washington-Arlington-Alexandria, DC-VA-MD-WV Metropolitan Division","Cooks, Institution and Cafeteria",detailed,"31,570"
27584,DC,"Washington-Arlington-Alexandria, DC-VA-MD-WV Metropolitan Division","Cooks, Restaurant",detailed,"26,380"
27585,DC,"Washington-Arlington-Alexandria, DC-VA-MD-WV Metropolitan Division","Cooks, Short Order",detailed,"25,700"
27586,DC,"Washington-Arlington-Alexandria, DC-VA-MD-WV Metropolitan Division","Cooks, All Other",detailed,"24,990"
27587,DC,"Washington-Arlington-Alexandria, DC-VA-MD-WV Metropolitan Division",Food Preparation Workers,detailed,"24,340"
27588,DC,"Washington-Arlington-Alexandria, DC-VA-MD-WV Metropolitan Division",Bartenders,detailed,"30,030"
27589,DC,"Washington-Arlington-Alexandria, DC-VA-MD-WV Metropolitan Division","Combined Food Preparation and Serving Workers, Including Fast Food",detailed,"20,940"
27590,DC,"Washington-Arlington-Alexandria, DC-VA-MD-WV Metropolitan Division","Counter Attendants, Cafeteria, Food Concession, and Coffee Shop",detailed,"22,250"
27591,DC,"Washington-Arlington-Alexandria, DC-VA-MD-WV Metropolitan Division",Waiters and Waitresses,detailed,"26,340"
27592,DC,"Washington-Arlington-Alexandria, DC-VA-MD-WV Metropolitan Division","Food Servers, Nonrestaurant",detailed,"26,510"
27593,DC,"Washington-Arlington-Alexandria, DC-VA-MD-WV Metropolitan Division",Dining Room and Cafeteria Attendants and Bartender Helpers,detailed,"22,820"
27594,DC,"Washington-Arlington-Alexandria, DC-VA-MD-WV Metropolitan Division",Dishwashers,detailed,"22,350"
27595,DC,"Washington-Arlington-Alexandria, DC-VA-MD-WV Metropolitan Division","Hosts and Hostesses, Restaurant, Lounge, and Coffee Shop",detailed,"22,110"
27596,DC,"Washington-Arlington-Alexandria, DC-VA-MD-WV Metropolitan Division","Food Preparation and Serving Related Workers, All Other",detailed,"24,580"
27598,DC,"Washington-Arlington-Alexandria, DC-VA-MD-WV Metropolitan Division",First-Line Supervisors of Housekeeping and Janitorial Workers,detailed,"39,870"
27599,DC,"Washington-Arlington-Alexandria, DC-VA-MD-WV Metropolitan Division","First-Line Supervisors of Landscaping, Lawn Service, and Groundskeeping Workers",detailed,"56,600"
27600,DC,"Washington-Arlington-Alexandria, DC-VA-MD-WV Metropolitan Division","Janitors and Cleaners, Except Maids and Housekeeping Cleaners",detailed,"27,210"
27601,DC,"Washington-Arlington-Alexandria, DC-VA-MD-WV Metropolitan Division",Maids and Housekeeping Cleaners,detailed,"26,110"
27602,DC,"Washington-Arlington-Alexandria, DC-VA-MD-WV Metropolitan Division","Building Cleaning Workers, All Other",detailed,"25,540"
27603,DC,"Washington-Arlington-Alexandria, DC-VA-MD-WV Metropolitan Division",Pest Control Workers,detailed,"35,570"
27604,DC,"Washington-Arlington-Alexandria, DC-VA-MD-WV Metropolitan Division",Landscaping and Groundskeeping Workers,detailed,"29,010"
27605,DC,"Washington-Arlington-Alexandria, DC-VA-MD-WV Metropolitan Division","Pesticide Handlers, Sprayers, and Applicators, Vegetation",detailed,"35,250"
27606,DC,"Washington-Arlington-Alexandria, DC-VA-MD-WV Metropolitan Division",Tree Trimmers and Pruners,detailed,"46,620"
27607,DC,"Washington-Arlington-Alexandria, DC-VA-MD-WV Metropolitan Division","Grounds Maintenance Workers, All Other",detailed,"36,520"
27609,DC,"Washington-Arlington-Alexandria, DC-VA-MD-WV Metropolitan Division",First-Line Supervisors of Personal Service Workers,detailed,"44,640"
27610,DC,"Washington-Arlington-Alexandria, DC-VA-MD-WV Metropolitan Division",Animal Trainers,detailed,"34,820"
27611,DC,"Washington-Arlington-Alexandria, DC-VA-MD-WV Metropolitan Division",Nonfarm Animal Caretakers,detailed,"25,870"
27612,DC,"Washington-Arlington-Alexandria, DC-VA-MD-WV Metropolitan Division",Gaming Dealers,detailed,"22,780"
27613,DC,"Washington-Arlington-Alexandria, DC-VA-MD-WV Metropolitan Division",Motion Picture Projectionists,detailed,"24,050"
27614,DC,"Washington-Arlington-Alexandria, DC-VA-MD-WV Metropolitan Division","Ushers, Lobby Attendants, and Ticket Takers",detailed,"21,820"
27615,DC,"Washington-Arlington-Alexandria, DC-VA-MD-WV Metropolitan Division",Amusement and Recreation Attendants,detailed,"20,820"
27616,DC,"Washington-Arlington-Alexandria, DC-VA-MD-WV Metropolitan Division",Costume Attendants,detailed,"52,060"
27617,DC,"Washington-Arlington-Alexandria, DC-VA-MD-WV Metropolitan Division","Locker Room, Coatroom, and Dressing Room Attendants",detailed,"23,550"
27618,DC,"Washington-Arlington-Alexandria, DC-VA-MD-WV Metropolitan Division","Entertainment Attendants and Related Workers, All Other",detailed,"25,510"
27619,DC,"Washington-Arlington-Alexandria, DC-VA-MD-WV Metropolitan Division",Funeral Attendants,detailed,"28,000"
27620,DC,"Washington-Arlington-Alexandria, DC-VA-MD-WV Metropolitan Division","Morticians, Undertakers, and Funeral Directors",detailed,"78,330"
27621,DC,"Washington-Arlington-Alexandria, DC-VA-MD-WV Metropolitan Division",Barbers,detailed,"33,760"
27622,DC,"Washington-Arlington-Alexandria, DC-VA-MD-WV Metropolitan Division","Hairdressers, Hairstylists, and Cosmetologists",detailed,"35,530"
27623,DC,"Washington-Arlington-Alexandria, DC-VA-MD-WV Metropolitan Division","Makeup Artists, Theatrical and Performance",detailed,"80,410"
27624,DC,"Washington-Arlington-Alexandria, DC-VA-MD-WV Metropolitan Division",Manicurists and Pedicurists,detailed,"25,080"
27625,DC,"Washington-Arlington-Alexandria, DC-VA-MD-WV Metropolitan Division",Shampooers,detailed,"19,760"
27626,DC,"Washington-Arlington-Alexandria, DC-VA-MD-WV Metropolitan Division",Skincare Specialists,detailed,"52,740"
27627,DC,"Washington-Arlington-Alexandria, DC-VA-MD-WV Metropolitan Division",Baggage Porters and Bellhops,detailed,"28,820"
27628,DC,"Washington-Arlington-Alexandria, DC-VA-MD-WV Metropolitan Division",Concierges,detailed,"33,150"
27629,DC,"Washington-Arlington-Alexandria, DC-VA-MD-WV Metropolitan Division",Tour Guides and Escorts,detailed,"31,110"
27630,DC,"Washington-Arlington-Alexandria, DC-VA-MD-WV Metropolitan Division",Travel Guides,detailed,"45,190"
27631,DC,"Washington-Arlington-Alexandria, DC-VA-MD-WV Metropolitan Division",Childcare Workers,detailed,"25,170"
27632,DC,"Washington-Arlington-Alexandria, DC-VA-MD-WV Metropolitan Division",Personal Care Aides,detailed,"23,940"
27633,DC,"Washington-Arlington-Alexandria, DC-VA-MD-WV Metropolitan Division",Fitness Trainers and Aerobics Instructors,detailed,"46,130"
27634,DC,"Washington-Arlington-Alexandria, DC-VA-MD-WV Metropolitan Division",Recreation Workers,detailed,"33,400"
27635,DC,"Washington-Arlington-Alexandria, DC-VA-MD-WV Metropolitan Division",Residential Advisors,detailed,"29,660"
27636,DC,"Washington-Arlington-Alexandria, DC-VA-MD-WV Metropolitan Division","Personal Care and Service Workers, All Other",detailed,"25,570"
27638,DC,"Washington-Arlington-Alexandria, DC-VA-MD-WV Metropolitan Division",First-Line Supervisors of Retail Sales Workers,detailed,"46,950"
27639,DC,"Washington-Arlington-Alexandria, DC-VA-MD-WV Metropolitan Division",First-Line Supervisors of Non-Retail Sales Workers,detailed,"98,490"
27640,DC,"Washington-Arlington-Alexandria, DC-VA-MD-WV Metropolitan Division",Cashiers,detailed,"22,100"
27641,DC,"Washington-Arlington-Alexandria, DC-VA-MD-WV Metropolitan Division",Gaming Change Persons and Booth Cashiers,detailed,"39,330"
27642,DC,"Washington-Arlington-Alexandria, DC-VA-MD-WV Metropolitan Division",Counter and Rental Clerks,detailed,"31,810"
27643,DC,"Washington-Arlington-Alexandria, DC-VA-MD-WV Metropolitan Division",Parts Salespersons,detailed,"32,570"
27644,DC,"Washington-Arlington-Alexandria, DC-VA-MD-WV Metropolitan Division",Retail Salespersons,detailed,"25,490"
27645,DC,"Washington-Arlington-Alexandria, DC-VA-MD-WV Metropolitan Division",Advertising Sales Agents,detailed,"70,040"
27646,DC,"Washington-Arlington-Alexandria, DC-VA-MD-WV Metropolitan Division",Insurance Sales Agents,detailed,"72,540"
27647,DC,"Washington-Arlington-Alexandria, DC-VA-MD-WV Metropolitan Division","Securities, Commodities, and Financial Services Sales Agents",detailed,"101,670"
27648,DC,"Washington-Arlington-Alexandria, DC-VA-MD-WV Metropolitan Division",Travel Agents,detailed,"48,330"
27649,DC,"Washington-Arlington-Alexandria, DC-VA-MD-WV Metropolitan Division","Sales Representatives, Services, All Other",detailed,"77,060"
27650,DC,"Washington-Arlington-Alexandria, DC-VA-MD-WV Metropolitan Division","Sales Representatives, Wholesale and Manufacturing, Technical and Scientific Products",detailed,"114,120"
27651,DC,"Washington-Arlington-Alexandria, DC-VA-MD-WV Metropolitan Division","Sales Representatives, Wholesale and Manufacturing, Except Technical and Scientific Products",detailed,"78,540"
27652,DC,"Washington-Arlington-Alexandria, DC-VA-MD-WV Metropolitan Division",Demonstrators and Product Promoters,detailed,"34,540"
27653,DC,"Washington-Arlington-Alexandria, DC-VA-MD-WV Metropolitan Division",Models,detailed,"37,960"
27654,DC,"Washington-Arlington-Alexandria, DC-VA-MD-WV Metropolitan Division",Real Estate Brokers,detailed,"94,340"
27655,DC,"Washington-Arlington-Alexandria, DC-VA-MD-WV Metropolitan Division",Real Estate Sales Agents,detailed,"66,150"
27656,DC,"Washington-Arlington-Alexandria, DC-VA-MD-WV Metropolitan Division",Sales Engineers,detailed,"129,050"
27657,DC,"Washington-Arlington-Alexandria, DC-VA-MD-WV Metropolitan Division",Telemarketers,detailed,"26,680"
27658,DC,"Washington-Arlington-Alexandria, DC-VA-MD-WV Metropolitan Division","Door-to-Door Sales Workers, News and Street Vendors, and Related Workers",detailed,"30,780"
27659,DC,"Washington-Arlington-Alexandria, DC-VA-MD-WV Metropolitan Division","Sales and Related Workers, All Other",detailed,"47,900"
27661,DC,"Washington-Arlington-Alexandria, DC-VA-MD-WV Metropolitan Division",First-Line Supervisors of Office and Administrative Support Workers,detailed,"67,520"
27662,DC,"Washington-Arlington-Alexandria, DC-VA-MD-WV Metropolitan Division","Switchboard Operators, Including Answering Service",detailed,"32,380"
27663,DC,"Washington-Arlington-Alexandria, DC-VA-MD-WV Metropolitan Division",Telephone Operators,detailed,"33,940"
27664,DC,"Washington-Arlington-Alexandria, DC-VA-MD-WV Metropolitan Division",Bill and Account Collectors,detailed,"44,870"
27665,DC,"Washington-Arlington-Alexandria, DC-VA-MD-WV Metropolitan Division",Billing and Posting Clerks,detailed,"45,120"
27666,DC,"Washington-Arlington-Alexandria, DC-VA-MD-WV Metropolitan Division","Bookkeeping, Accounting, and Auditing Clerks",detailed,"45,680"
27667,DC,"Washington-Arlington-Alexandria, DC-VA-MD-WV Metropolitan Division",Payroll and Timekeeping Clerks,detailed,"52,480"
27668,DC,"Washington-Arlington-Alexandria, DC-VA-MD-WV Metropolitan Division",Procurement Clerks,detailed,"51,550"
27669,DC,"Washington-Arlington-Alexandria, DC-VA-MD-WV Metropolitan Division",Tellers,detailed,"32,250"
27670,DC,"Washington-Arlington-Alexandria, DC-VA-MD-WV Metropolitan Division","Financial Clerks, All Other",detailed,"45,210"
27671,DC,"Washington-Arlington-Alexandria, DC-VA-MD-WV Metropolitan Division",Brokerage Clerks,detailed,"52,760"
27672,DC,"Washington-Arlington-Alexandria, DC-VA-MD-WV Metropolitan Division",Correspondence Clerks,detailed,"47,030"
27673,DC,"Washington-Arlington-Alexandria, DC-VA-MD-WV Metropolitan Division","Court, Municipal, and License Clerks",detailed,"43,920"
27674,DC,"Washington-Arlington-Alexandria, DC-VA-MD-WV Metropolitan Division","Credit Authorizers, Checkers, and Clerks",detailed,"34,250"
27675,DC,"Washington-Arlington-Alexandria, DC-VA-MD-WV Metropolitan Division",Customer Service Representatives,detailed,"39,480"
27676,DC,"Washington-Arlington-Alexandria, DC-VA-MD-WV Metropolitan Division","Eligibility Interviewers, Government Programs",detailed,"54,430"
27677,DC,"Washington-Arlington-Alexandria, DC-VA-MD-WV Metropolitan Division",File Clerks,detailed,"34,760"
27678,DC,"Washington-Arlington-Alexandria, DC-VA-MD-WV Metropolitan Division","Hotel, Motel, and Resort Desk Clerks",detailed,"26,780"
27679,DC,"Washington-Arlington-Alexandria, DC-VA-MD-WV Metropolitan Division","Interviewers, Except Eligibility and Loan",detailed,"35,250"
27680,DC,"Washington-Arlington-Alexandria, DC-VA-MD-WV Metropolitan Division","Library Assistants, Clerical",detailed,"34,250"
27681,DC,"Washington-Arlington-Alexandria, DC-VA-MD-WV Metropolitan Division",Loan Interviewers and Clerks,detailed,"42,700"
27682,DC,"Washington-Arlington-Alexandria, DC-VA-MD-WV Metropolitan Division",New Accounts Clerks,detailed,"39,240"
27683,DC,"Washington-Arlington-Alexandria, DC-VA-MD-WV Metropolitan Division",Order Clerks,detailed,"32,130"
27684,DC,"Washington-Arlington-Alexandria, DC-VA-MD-WV Metropolitan Division","Human Resources Assistants, Except Payroll and Timekeeping",detailed,"45,820"
27685,DC,"Washington-Arlington-Alexandria, DC-VA-MD-WV Metropolitan Division",Receptionists and Information Clerks,detailed,"31,800"
27686,DC,"Washington-Arlington-Alexandria, DC-VA-MD-WV Metropolitan Division",Reservation and Transportation Ticket Agents and Travel Clerks,detailed,"39,700"
27687,DC,"Washington-Arlington-Alexandria, DC-VA-MD-WV Metropolitan Division","Information and Record Clerks, All Other",detailed,"50,630"
27688,DC,"Washington-Arlington-Alexandria, DC-VA-MD-WV Metropolitan Division",Cargo and Freight Agents,detailed,"36,850"
27689,DC,"Washington-Arlington-Alexandria, DC-VA-MD-WV Metropolitan Division",Couriers and Messengers,detailed,"38,150"
27690,DC,"Washington-Arlington-Alexandria, DC-VA-MD-WV Metropolitan Division","Police, Fire, and Ambulance Dispatchers",detailed,"48,510"
27691,DC,"Washington-Arlington-Alexandria, DC-VA-MD-WV Metropolitan Division","Dispatchers, Except Police, Fire, and Ambulance",detailed,"40,250"
27692,DC,"Washington-Arlington-Alexandria, DC-VA-MD-WV Metropolitan Division","Meter Readers, Utilities",detailed,"46,080"
27693,DC,"Washington-Arlington-Alexandria, DC-VA-MD-WV Metropolitan Division",Postal Service Clerks,detailed,"52,520"
27694,DC,"Washington-Arlington-Alexandria, DC-VA-MD-WV Metropolitan Division",Postal Service Mail Carriers,detailed,"51,080"
27695,DC,"Washington-Arlington-Alexandria, DC-VA-MD-WV Metropolitan Division","Postal Service Mail Sorters, Processors, and Processing Machine Operators",detailed,"51,560"
27696,DC,"Washington-Arlington-Alexandria, DC-VA-MD-WV Metropolitan Division","Production, Planning, and Expediting Clerks",detailed,"53,830"
27697,DC,"Washington-Arlington-Alexandria, DC-VA-MD-WV Metropolitan Division","Shipping, Receiving, and Traffic Clerks",detailed,"36,160"
27698,DC,"Washington-Arlington-Alexandria, DC-VA-MD-WV Metropolitan Division",Stock Clerks and Order Fillers,detailed,"27,550"
27699,DC,"Washington-Arlington-Alexandria, DC-VA-MD-WV Metropolitan Division","Weighers, Measurers, Checkers, and Samplers, Recordkeeping",detailed,"32,980"
27700,DC,"Washington-Arlington-Alexandria, DC-VA-MD-WV Metropolitan Division",Executive Secretaries and Executive Administrative Assistants,detailed,"65,390"
27701,DC,"Washington-Arlington-Alexandria, DC-VA-MD-WV Metropolitan Division",Legal Secretaries,detailed,"67,510"
27702,DC,"Washington-Arlington-Alexandria, DC-VA-MD-WV Metropolitan Division",Medical Secretaries,detailed,"38,820"
27703,DC,"Washington-Arlington-Alexandria, DC-VA-MD-WV Metropolitan Division","Secretaries and Administrative Assistants, Except Legal, Medical, and Executive",detailed,"43,660"
27704,DC,"Washington-Arlington-Alexandria, DC-VA-MD-WV Metropolitan Division",Computer Operators,detailed,"48,740"
27705,DC,"Washington-Arlington-Alexandria, DC-VA-MD-WV Metropolitan Division",Data Entry Keyers,detailed,"33,880"
27706,DC,"Washington-Arlington-Alexandria, DC-VA-MD-WV Metropolitan Division",Word Processors and Typists,detailed,"43,900"
27707,DC,"Washington-Arlington-Alexandria, DC-VA-MD-WV Metropolitan Division",Desktop Publishers,detailed,"51,250"
27708,DC,"Washington-Arlington-Alexandria, DC-VA-MD-WV Metropolitan Division",Insurance Claims and Policy Processing Clerks,detailed,"37,290"
27709,DC,"Washington-Arlington-Alexandria, DC-VA-MD-WV Metropolitan Division","Mail Clerks and Mail Machine Operators, Except Postal Service",detailed,"34,050"
27710,DC,"Washington-Arlington-Alexandria, DC-VA-MD-WV Metropolitan Division","Office Clerks, General",detailed,"38,490"
27711,DC,"Washington-Arlington-Alexandria, DC-VA-MD-WV Metropolitan Division","Office Machine Operators, Except Computer",detailed,"35,740"
27712,DC,"Washington-Arlington-Alexandria, DC-VA-MD-WV Metropolitan Division",Proofreaders and Copy Markers,detailed,"37,760"
27713,DC,"Washington-Arlington-Alexandria, DC-VA-MD-WV Metropolitan Division",Statistical Assistants,detailed,"52,010"
27714,DC,"Washington-Arlington-Alexandria, DC-VA-MD-WV Metropolitan Division","Office and Administrative Support Workers, All Other",detailed,"43,290"
27716,DC,"Washington-Arlington-Alexandria, DC-VA-MD-WV Metropolitan Division","First-Line Supervisors of Farming, Fishing, and Forestry Workers",detailed,"64,050"
27717,DC,"Washington-Arlington-Alexandria, DC-VA-MD-WV Metropolitan Division",Agricultural Inspectors,detailed,"44,770"
27718,DC,"Washington-Arlington-Alexandria, DC-VA-MD-WV Metropolitan Division","Farmworkers and Laborers, Crop, Nursery, and Greenhouse",detailed,"31,520"
27719,DC,"Washington-Arlington-Alexandria, DC-VA-MD-WV Metropolitan Division","Farmworkers, Farm, Ranch, and Aquacultural Animals",detailed,"35,520"
27720,DC,"Washington-Arlington-Alexandria, DC-VA-MD-WV Metropolitan Division",Forest and Conservation Workers,detailed,"38,960"
27721,DC,"Washington-Arlington-Alexandria, DC-VA-MD-WV Metropolitan Division",Logging Equipment Operators,detailed,"27,550"
27723,DC,"Washington-Arlington-Alexandria, DC-VA-MD-WV Metropolitan Division",First-Line Supervisors of Construction Trades and Extraction Workers,detailed,"70,680"
27724,DC,"Washington-Arlington-Alexandria, DC-VA-MD-WV Metropolitan Division",Boilermakers,detailed,"65,080"
27725,DC,"Washington-Arlington-Alexandria, DC-VA-MD-WV Metropolitan Division",Brickmasons and Blockmasons,detailed,"50,200"
27726,DC,"Washington-Arlington-Alexandria, DC-VA-MD-WV Metropolitan Division",Stonemasons,detailed,"55,470"
27727,DC,"Washington-Arlington-Alexandria, DC-VA-MD-WV Metropolitan Division",Carpenters,detailed,"46,100"
27728,DC,"Washington-Arlington-Alexandria, DC-VA-MD-WV Metropolitan Division",Carpet Installers,detailed,"28,670"
27729,DC,"Washington-Arlington-Alexandria, DC-VA-MD-WV Metropolitan Division","Floor Layers, Except Carpet, Wood, and Hard Tiles",detailed,"38,660"
27730,DC,"Washington-Arlington-Alexandria, DC-VA-MD-WV Metropolitan Division",Tile and Marble Setters,detailed,"45,770"
27731,DC,"Washington-Arlington-Alexandria, DC-VA-MD-WV Metropolitan Division",Cement Masons and Concrete Finishers,detailed,"43,590"
27732,DC,"Washington-Arlington-Alexandria, DC-VA-MD-WV Metropolitan Division",Construction Laborers,detailed,"34,430"
27733,DC,"Washington-Arlington-Alexandria, DC-VA-MD-WV Metropolitan Division","Paving, Surfacing, and Tamping Equipment Operators",detailed,"39,430"
27734,DC,"Washington-Arlington-Alexandria, DC-VA-MD-WV Metropolitan Division",Operating Engineers and Other Construction Equipment Operators,detailed,"45,470"
27735,DC,"Washington-Arlington-Alexandria, DC-VA-MD-WV Metropolitan Division",Drywall and Ceiling Tile Installers,detailed,"41,190"
27736,DC,"Washington-Arlington-Alexandria, DC-VA-MD-WV Metropolitan Division",Tapers,detailed,"38,840"
27737,DC,"Washington-Arlington-Alexandria, DC-VA-MD-WV Metropolitan Division",Electricians,detailed,"56,020"
27738,DC,"Washington-Arlington-Alexandria, DC-VA-MD-WV Metropolitan Division",Glaziers,detailed,"47,980"
27739,DC,"Washington-Arlington-Alexandria, DC-VA-MD-WV Metropolitan Division","Insulation Workers, Floor, Ceiling, and Wall",detailed,"38,730"
27740,DC,"Washington-Arlington-Alexandria, DC-VA-MD-WV Metropolitan Division","Insulation Workers, Mechanical",detailed,"48,380"
27741,DC,"Washington-Arlington-Alexandria, DC-VA-MD-WV Metropolitan Division","Painters, Construction and Maintenance",detailed,"42,010"
27742,DC,"Washington-Arlington-Alexandria, DC-VA-MD-WV Metropolitan Division",Pipelayers,detailed,"42,100"
27743,DC,"Washington-Arlington-Alexandria, DC-VA-MD-WV Metropolitan Division","Plumbers, Pipefitters, and Steamfitters",detailed,"56,320"
27744,DC,"Washington-Arlington-Alexandria, DC-VA-MD-WV Metropolitan Division",Plasterers and Stucco Masons,detailed,"58,660"
27745,DC,"Washington-Arlington-Alexandria, DC-VA-MD-WV Metropolitan Division",Reinforcing Iron and Rebar Workers,detailed,"50,420"
27746,DC,"Washington-Arlington-Alexandria, DC-VA-MD-WV Metropolitan Division",Roofers,detailed,"51,980"
27747,DC,"Washington-Arlington-Alexandria, DC-VA-MD-WV Metropolitan Division",Sheet Metal Workers,detailed,"51,820"
27748,DC,"Washington-Arlington-Alexandria, DC-VA-MD-WV Metropolitan Division",Structural Iron and Steel Workers,detailed,"51,380"
27749,DC,"Washington-Arlington-Alexandria, DC-VA-MD-WV Metropolitan Division","Helpers--Brickmasons, Blockmasons, Stonemasons, and Tile and Marble Setters",detailed,"31,710"
27750,DC,"Washington-Arlington-Alexandria, DC-VA-MD-WV Metropolitan Division",Helpers--Carpenters,detailed,"28,220"
27751,DC,"Washington-Arlington-Alexandria, DC-VA-MD-WV Metropolitan Division",Helpers--Electricians,detailed,"29,390"
27752,DC,"Washington-Arlington-Alexandria, DC-VA-MD-WV Metropolitan Division","Helpers--Pipelayers, Plumbers, Pipefitters, and Steamfitters",detailed,"32,220"
27753,DC,"Washington-Arlington-Alexandria, DC-VA-MD-WV Metropolitan Division",Helpers--Roofers,detailed,"31,010"
27754,DC,"Washington-Arlington-Alexandria, DC-VA-MD-WV Metropolitan Division","Helpers, Construction Trades, All Other",detailed,"33,770"
27755,DC,"Washington-Arlington-Alexandria, DC-VA-MD-WV Metropolitan Division",Construction and Building Inspectors,detailed,"64,150"
27756,DC,"Washington-Arlington-Alexandria, DC-VA-MD-WV Metropolitan Division",Elevator Installers and Repairers,detailed,"79,370"
27757,DC,"Washington-Arlington-Alexandria, DC-VA-MD-WV Metropolitan Division",Fence Erectors,detailed,"32,020"
27758,DC,"Washington-Arlington-Alexandria, DC-VA-MD-WV Metropolitan Division",Hazardous Materials Removal Workers,detailed,"38,120"
27759,DC,"Washington-Arlington-Alexandria, DC-VA-MD-WV Metropolitan Division",Highway Maintenance Workers,detailed,"39,140"
27760,DC,"Washington-Arlington-Alexandria, DC-VA-MD-WV Metropolitan Division",Rail-Track Laying and Maintenance Equipment Operators,detailed,"60,140"
27761,DC,"Washington-Arlington-Alexandria, DC-VA-MD-WV Metropolitan Division",Septic Tank Servicers and Sewer Pipe Cleaners,detailed,"48,200"
27762,DC,"Washington-Arlington-Alexandria, DC-VA-MD-WV Metropolitan Division","Construction and Related Workers, All Other",detailed,"47,420"
27763,DC,"Washington-Arlington-Alexandria, DC-VA-MD-WV Metropolitan Division","Earth Drillers, Except Oil and Gas",detailed,"44,440"
27764,DC,"Washington-Arlington-Alexandria, DC-VA-MD-WV Metropolitan Division","Explosives Workers, Ordnance Handling Experts, and Blasters",detailed,"53,920"
27765,DC,"Washington-Arlington-Alexandria, DC-VA-MD-WV Metropolitan Division","Rock Splitters, Quarry",detailed,"36,840"
27766,DC,"Washington-Arlington-Alexandria, DC-VA-MD-WV Metropolitan Division",Helpers--Extraction Workers,detailed,"29,900"
27768,DC,"Washington-Arlington-Alexandria, DC-VA-MD-WV Metropolitan Division","First-Line Supervisors of Mechanics, Installers, and Repairers",detailed,"72,260"
27769,DC,"Washington-Arlington-Alexandria, DC-VA-MD-WV Metropolitan Division","Computer, Automated Teller, and Office Machine Repairers",detailed,"46,600"
27770,DC,"Washington-Arlington-Alexandria, DC-VA-MD-WV Metropolitan Division","Radio, Cellular, and Tower Equipment Installers and Repairers",detailed,"59,330"
27771,DC,"Washington-Arlington-Alexandria, DC-VA-MD-WV Metropolitan Division","Telecommunications Equipment Installers and Repairers, Except Line Installers",detailed,"60,400"
27772,DC,"Washington-Arlington-Alexandria, DC-VA-MD-WV Metropolitan Division",Avionics Technicians,detailed,"60,090"
27773,DC,"Washington-Arlington-Alexandria, DC-VA-MD-WV Metropolitan Division","Electric Motor, Power Tool, and Related Repairers",detailed,"43,670"
27774,DC,"Washington-Arlington-Alexandria, DC-VA-MD-WV Metropolitan Division","Electrical and Electronics Installers and Repairers, Transportation Equipment",detailed,"67,960"
27775,DC,"Washington-Arlington-Alexandria, DC-VA-MD-WV Metropolitan Division","Electrical and Electronics Repairers, Commercial and Industrial Equipment",detailed,"68,550"
27776,DC,"Washington-Arlington-Alexandria, DC-VA-MD-WV Metropolitan Division","Electrical and Electronics Repairers, Powerhouse, Substation, and Relay",detailed,"73,390"
27777,DC,"Washington-Arlington-Alexandria, DC-VA-MD-WV Metropolitan Division","Electronic Equipment Installers and Repairers, Motor Vehicles",detailed,"34,880"
27778,DC,"Washington-Arlington-Alexandria, DC-VA-MD-WV Metropolitan Division",Electronic Home Entertainment Equipment Installers and Repairers,detailed,*
27779,DC,"Washington-Arlington-Alexandria, DC-VA-MD-WV Metropolitan Division",Security and Fire Alarm Systems Installers,detailed,"45,140"
27780,DC,"Washington-Arlington-Alexandria, DC-VA-MD-WV Metropolitan Division",Aircraft Mechanics and Service Technicians,detailed,"65,150"
27781,DC,"Washington-Arlington-Alexandria, DC-VA-MD-WV Metropolitan Division",Automotive Body and Related Repairers,detailed,"60,310"
27782,DC,"Washington-Arlington-Alexandria, DC-VA-MD-WV Metropolitan Division",Automotive Glass Installers and Repairers,detailed,"39,340"
27783,DC,"Washington-Arlington-Alexandria, DC-VA-MD-WV Metropolitan Division",Automotive Service Technicians and Mechanics,detailed,"49,060"
27784,DC,"Washington-Arlington-Alexandria, DC-VA-MD-WV Metropolitan Division",Bus and Truck Mechanics and Diesel Engine Specialists,detailed,"52,550"
27785,DC,"Washington-Arlington-Alexandria, DC-VA-MD-WV Metropolitan Division",Farm Equipment Mechanics and Service Technicians,detailed,"37,730"
27786,DC,"Washington-Arlington-Alexandria, DC-VA-MD-WV Metropolitan Division","Mobile Heavy Equipment Mechanics, Except Engines",detailed,"54,190"
27787,DC,"Washington-Arlington-Alexandria, DC-VA-MD-WV Metropolitan Division",Rail Car Repairers,detailed,"65,080"
27788,DC,"Washington-Arlington-Alexandria, DC-VA-MD-WV Metropolitan Division",Motorboat Mechanics and Service Technicians,detailed,"34,860"
27789,DC,"Washington-Arlington-Alexandria, DC-VA-MD-WV Metropolitan Division",Motorcycle Mechanics,detailed,"40,970"
27790,DC,"Washington-Arlington-Alexandria, DC-VA-MD-WV Metropolitan Division",Outdoor Power Equipment and Other Small Engine Mechanics,detailed,"41,560"
27791,DC,"Washington-Arlington-Alexandria, DC-VA-MD-WV Metropolitan Division",Bicycle Repairers,detailed,"28,290"
27792,DC,"Washington-Arlington-Alexandria, DC-VA-MD-WV Metropolitan Division",Tire Repairers and Changers,detailed,"26,880"
27793,DC,"Washington-Arlington-Alexandria, DC-VA-MD-WV Metropolitan Division",Mechanical Door Repairers,detailed,"45,790"
27794,DC,"Washington-Arlington-Alexandria, DC-VA-MD-WV Metropolitan Division","Control and Valve Installers and Repairers, Except Mechanical Door",detailed,"64,540"
27795,DC,"Washington-Arlington-Alexandria, DC-VA-MD-WV Metropolitan Division","Heating, Air Conditioning, and Refrigeration Mechanics and Installers",detailed,"58,500"
27796,DC,"Washington-Arlington-Alexandria, DC-VA-MD-WV Metropolitan Division",Home Appliance Repairers,detailed,"40,900"
27797,DC,"Washington-Arlington-Alexandria, DC-VA-MD-WV Metropolitan Division",Industrial Machinery Mechanics,detailed,"57,270"
27798,DC,"Washington-Arlington-Alexandria, DC-VA-MD-WV Metropolitan Division","Maintenance Workers, Machinery",detailed,"46,140"
27799,DC,"Washington-Arlington-Alexandria, DC-VA-MD-WV Metropolitan Division",Millwrights,detailed,"53,340"
27800,DC,"Washington-Arlington-Alexandria, DC-VA-MD-WV Metropolitan Division",Electrical Power-Line Installers and Repairers,detailed,"64,670"
27801,DC,"Washington-Arlington-Alexandria, DC-VA-MD-WV Metropolitan Division",Telecommunications Line Installers and Repairers,detailed,"59,390"
27802,DC,"Washington-Arlington-Alexandria, DC-VA-MD-WV Metropolitan Division",Camera and Photographic Equipment Repairers,detailed,"29,290"
27803,DC,"Washington-Arlington-Alexandria, DC-VA-MD-WV Metropolitan Division",Medical Equipment Repairers,detailed,"55,280"
27804,DC,"Washington-Arlington-Alexandria, DC-VA-MD-WV Metropolitan Division",Musical Instrument Repairers and Tuners,detailed,"33,880"
27805,DC,"Washington-Arlington-Alexandria, DC-VA-MD-WV Metropolitan Division","Precision Instrument and Equipment Repairers, All Other",detailed,"60,940"
27806,DC,"Washington-Arlington-Alexandria, DC-VA-MD-WV Metropolitan Division","Maintenance and Repair Workers, General",detailed,"45,160"
27807,DC,"Washington-Arlington-Alexandria, DC-VA-MD-WV Metropolitan Division","Coin, Vending, and Amusement Machine Servicers and Repairers",detailed,"47,860"
27808,DC,"Washington-Arlington-Alexandria, DC-VA-MD-WV Metropolitan Division",Locksmiths and Safe Repairers,detailed,"47,690"
27809,DC,"Washington-Arlington-Alexandria, DC-VA-MD-WV Metropolitan Division",Riggers,detailed,"60,780"
27810,DC,"Washington-Arlington-Alexandria, DC-VA-MD-WV Metropolitan Division",Signal and Track Switch Repairers,detailed,"72,760"
27811,DC,"Washington-Arlington-Alexandria, DC-VA-MD-WV Metropolitan Division","Helpers--Installation, Maintenance, and Repair Workers",detailed,"33,090"
27812,DC,"Washington-Arlington-Alexandria, DC-VA-MD-WV Metropolitan Division","Installation, Maintenance, and Repair Workers, All Other",detailed,"38,260"
27814,DC,"Washington-Arlington-Alexandria, DC-VA-MD-WV Metropolitan Division",First-Line Supervisors of Production and Operating Workers,detailed,"67,530"
27815,DC,"Washington-Arlington-Alexandria, DC-VA-MD-WV Metropolitan Division","Coil Winders, Tapers, and Finishers",detailed,"25,700"
27816,DC,"Washington-Arlington-Alexandria, DC-VA-MD-WV Metropolitan Division",Electrical and Electronic Equipment Assemblers,detailed,"39,650"
27817,DC,"Washington-Arlington-Alexandria, DC-VA-MD-WV Metropolitan Division",Electromechanical Equipment Assemblers,detailed,"36,170"
27818,DC,"Washington-Arlington-Alexandria, DC-VA-MD-WV Metropolitan Division",Structural Metal Fabricators and Fitters,detailed,"38,400"
27819,DC,"Washington-Arlington-Alexandria, DC-VA-MD-WV Metropolitan Division",Fiberglass Laminators and Fabricators,detailed,"33,250"
27820,DC,"Washington-Arlington-Alexandria, DC-VA-MD-WV Metropolitan Division",Team Assemblers,detailed,"27,230"
27821,DC,"Washington-Arlington-Alexandria, DC-VA-MD-WV Metropolitan Division","Assemblers and Fabricators, All Other",detailed,"33,570"
27822,DC,"Washington-Arlington-Alexandria, DC-VA-MD-WV Metropolitan Division",Bakers,detailed,"30,390"
27823,DC,"Washington-Arlington-Alexandria, DC-VA-MD-WV Metropolitan Division",Butchers and Meat Cutters,detailed,"38,280"
27824,DC,"Washington-Arlington-Alexandria, DC-VA-MD-WV Metropolitan Division","Meat, Poultry, and Fish Cutters and Trimmers",detailed,"30,380"
27825,DC,"Washington-Arlington-Alexandria, DC-VA-MD-WV Metropolitan Division",Food Batchmakers,detailed,"26,190"
27826,DC,"Washington-Arlington-Alexandria, DC-VA-MD-WV Metropolitan Division","Food Processing Workers, All Other",detailed,"31,780"
27827,DC,"Washington-Arlington-Alexandria, DC-VA-MD-WV Metropolitan Division","Computer-Controlled Machine Tool Operators, Metal and Plastic",detailed,"44,390"
27828,DC,"Washington-Arlington-Alexandria, DC-VA-MD-WV Metropolitan Division","Cutting, Punching, and Press Machine Setters, Operators, and Tenders, Metal and Plastic",detailed,"32,640"
27829,DC,"Washington-Arlington-Alexandria, DC-VA-MD-WV Metropolitan Division",Machinists,detailed,"51,790"
27830,DC,"Washington-Arlington-Alexandria, DC-VA-MD-WV Metropolitan Division","Molding, Coremaking, and Casting Machine Setters, Operators, and Tenders, Metal and Plastic",detailed,"32,470"
27831,DC,"Washington-Arlington-Alexandria, DC-VA-MD-WV Metropolitan Division","Multiple Machine Tool Setters, Operators, and Tenders, Metal and Plastic",detailed,"42,720"
27832,DC,"Washington-Arlington-Alexandria, DC-VA-MD-WV Metropolitan Division","Welders, Cutters, Solderers, and Brazers",detailed,"49,890"
27833,DC,"Washington-Arlington-Alexandria, DC-VA-MD-WV Metropolitan Division","Plating and Coating Machine Setters, Operators, and Tenders, Metal and Plastic",detailed,"38,080"
27834,DC,"Washington-Arlington-Alexandria, DC-VA-MD-WV Metropolitan Division",Prepress Technicians and Workers,detailed,"51,970"
27835,DC,"Washington-Arlington-Alexandria, DC-VA-MD-WV Metropolitan Division",Printing Press Operators,detailed,"49,770"
27836,DC,"Washington-Arlington-Alexandria, DC-VA-MD-WV Metropolitan Division",Print Binding and Finishing Workers,detailed,"48,330"
27837,DC,"Washington-Arlington-Alexandria, DC-VA-MD-WV Metropolitan Division",Laundry and Dry-Cleaning Workers,detailed,"23,710"
27838,DC,"Washington-Arlington-Alexandria, DC-VA-MD-WV Metropolitan Division","Pressers, Textile, Garment, and Related Materials",detailed,"20,520"
27839,DC,"Washington-Arlington-Alexandria, DC-VA-MD-WV Metropolitan Division",Sewing Machine Operators,detailed,"27,520"
27840,DC,"Washington-Arlington-Alexandria, DC-VA-MD-WV Metropolitan Division",Shoe and Leather Workers and Repairers,detailed,"39,190"
27841,DC,"Washington-Arlington-Alexandria, DC-VA-MD-WV Metropolitan Division","Tailors, Dressmakers, and Custom Sewers",detailed,"32,760"
27842,DC,"Washington-Arlington-Alexandria, DC-VA-MD-WV Metropolitan Division",Upholsterers,detailed,"33,330"
27843,DC,"Washington-Arlington-Alexandria, DC-VA-MD-WV Metropolitan Division","Textile, Apparel, and Furnishings Workers, All Other",detailed,"29,500"
27844,DC,"Washington-Arlington-Alexandria, DC-VA-MD-WV Metropolitan Division",Cabinetmakers and Bench Carpenters,detailed,"43,370"
27845,DC,"Washington-Arlington-Alexandria, DC-VA-MD-WV Metropolitan Division",Furniture Finishers,detailed,"37,540"
27846,DC,"Washington-Arlington-Alexandria, DC-VA-MD-WV Metropolitan Division","Sawing Machine Setters, Operators, and Tenders, Wood",detailed,"30,430"
27847,DC,"Washington-Arlington-Alexandria, DC-VA-MD-WV Metropolitan Division","Woodworking Machine Setters, Operators, and Tenders, Except Sawing",detailed,"32,500"
27848,DC,"Washington-Arlington-Alexandria, DC-VA-MD-WV Metropolitan Division","Woodworkers, All Other",detailed,"48,240"
27849,DC,"Washington-Arlington-Alexandria, DC-VA-MD-WV Metropolitan Division",Power Distributors and Dispatchers,detailed,"75,520"
27850,DC,"Washington-Arlington-Alexandria, DC-VA-MD-WV Metropolitan Division",Power Plant Operators,detailed,"77,730"
27851,DC,"Washington-Arlington-Alexandria, DC-VA-MD-WV Metropolitan Division",Stationary Engineers and Boiler Operators,detailed,"68,870"
27852,DC,"Washington-Arlington-Alexandria, DC-VA-MD-WV Metropolitan Division",Water and Wastewater Treatment Plant and System Operators,detailed,"51,880"
27853,DC,"Washington-Arlington-Alexandria, DC-VA-MD-WV Metropolitan Division",Gas Plant Operators,detailed,"72,140"
27854,DC,"Washington-Arlington-Alexandria, DC-VA-MD-WV Metropolitan Division","Petroleum Pump System Operators, Refinery Operators, and Gaugers",detailed,"54,600"
27855,DC,"Washington-Arlington-Alexandria, DC-VA-MD-WV Metropolitan Division","Plant and System Operators, All Other",detailed,*
27856,DC,"Washington-Arlington-Alexandria, DC-VA-MD-WV Metropolitan Division",Chemical Equipment Operators and Tenders,detailed,"34,120"
27857,DC,"Washington-Arlington-Alexandria, DC-VA-MD-WV Metropolitan Division","Separating, Filtering, Clarifying, Precipitating, and Still Machine Setters, Operators, and Tenders",detailed,"48,430"
27858,DC,"Washington-Arlington-Alexandria, DC-VA-MD-WV Metropolitan Division","Crushing, Grinding, and Polishing Machine Setters, Operators, and Tenders",detailed,"34,850"
27859,DC,"Washington-Arlington-Alexandria, DC-VA-MD-WV Metropolitan Division","Grinding and Polishing Workers, Hand",detailed,"38,760"
27860,DC,"Washington-Arlington-Alexandria, DC-VA-MD-WV Metropolitan Division","Mixing and Blending Machine Setters, Operators, and Tenders",detailed,"42,690"
27861,DC,"Washington-Arlington-Alexandria, DC-VA-MD-WV Metropolitan Division","Cutting and Slicing Machine Setters, Operators, and Tenders",detailed,"34,670"
27862,DC,"Washington-Arlington-Alexandria, DC-VA-MD-WV Metropolitan Division","Inspectors, Testers, Sorters, Samplers, and Weighers",detailed,"42,510"
27863,DC,"Washington-Arlington-Alexandria, DC-VA-MD-WV Metropolitan Division",Jewelers and Precious Stone and Metal Workers,detailed,"29,080"
27864,DC,"Washington-Arlington-Alexandria, DC-VA-MD-WV Metropolitan Division",Dental Laboratory Technicians,detailed,"37,860"
27865,DC,"Washington-Arlington-Alexandria, DC-VA-MD-WV Metropolitan Division",Medical Appliance Technicians,detailed,"37,440"
27866,DC,"Washington-Arlington-Alexandria, DC-VA-MD-WV Metropolitan Division",Ophthalmic Laboratory Technicians,detailed,"41,590"
27867,DC,"Washington-Arlington-Alexandria, DC-VA-MD-WV Metropolitan Division",Packaging and Filling Machine Operators and Tenders,detailed,"34,650"
27868,DC,"Washington-Arlington-Alexandria, DC-VA-MD-WV Metropolitan Division","Coating, Painting, and Spraying Machine Setters, Operators, and Tenders",detailed,"34,660"
27869,DC,"Washington-Arlington-Alexandria, DC-VA-MD-WV Metropolitan Division","Painters, Transportation Equipment",detailed,"66,270"
27870,DC,"Washington-Arlington-Alexandria, DC-VA-MD-WV Metropolitan Division","Painting, Coating, and Decorating Workers",detailed,"51,620"
27871,DC,"Washington-Arlington-Alexandria, DC-VA-MD-WV Metropolitan Division",Photographic Process Workers and Processing Machine Operators,detailed,"28,610"
27872,DC,"Washington-Arlington-Alexandria, DC-VA-MD-WV Metropolitan Division",Etchers and Engravers,detailed,"31,870"
27873,DC,"Washington-Arlington-Alexandria, DC-VA-MD-WV Metropolitan Division","Molders, Shapers, and Casters, Except Metal and Plastic",detailed,"35,870"
27874,DC,"Washington-Arlington-Alexandria, DC-VA-MD-WV Metropolitan Division","Paper Goods Machine Setters, Operators, and Tenders",detailed,"49,650"
27875,DC,"Washington-Arlington-Alexandria, DC-VA-MD-WV Metropolitan Division",Helpers--Production Workers,detailed,"27,600"
27876,DC,"Washington-Arlington-Alexandria, DC-VA-MD-WV Metropolitan Division","Production Workers, All Other",detailed,"29,290"
27878,DC,"Washington-Arlington-Alexandria, DC-VA-MD-WV Metropolitan Division",Aircraft Cargo Handling Supervisors,detailed,"48,850"
27879,DC,"Washington-Arlington-Alexandria, DC-VA-MD-WV Metropolitan Division","First-Line Supervisors of Helpers, Laborers, and Material Movers, Hand",detailed,"55,920"
27880,DC,"Washington-Arlington-Alexandria, DC-VA-MD-WV Metropolitan Division",First-Line Supervisors of Transportation and Material-Moving Machine and Vehicle Operators,detailed,"66,270"
27881,DC,"Washington-Arlington-Alexandria, DC-VA-MD-WV Metropolitan Division","Airline Pilots, Copilots, and Flight Engineers",detailed,"169,670"
27882,DC,"Washington-Arlington-Alexandria, DC-VA-MD-WV Metropolitan Division",Commercial Pilots,detailed,"96,850"
27883,DC,"Washington-Arlington-Alexandria, DC-VA-MD-WV Metropolitan Division",Air Traffic Controllers,detailed,"127,810"
27884,DC,"Washington-Arlington-Alexandria, DC-VA-MD-WV Metropolitan Division",Flight Attendants,detailed,"43,740"
27885,DC,"Washington-Arlington-Alexandria, DC-VA-MD-WV Metropolitan Division","Ambulance Drivers and Attendants, Except Emergency Medical Technicians",detailed,"27,910"
27886,DC,"Washington-Arlington-Alexandria, DC-VA-MD-WV Metropolitan Division","Bus Drivers, Transit and Intercity",detailed,"40,170"
27887,DC,"Washington-Arlington-Alexandria, DC-VA-MD-WV Metropolitan Division","Bus Drivers, School or Special Client",detailed,"37,610"
27888,DC,"Washington-Arlington-Alexandria, DC-VA-MD-WV Metropolitan Division",Driver/Sales Workers,detailed,"31,950"
27889,DC,"Washington-Arlington-Alexandria, DC-VA-MD-WV Metropolitan Division",Heavy and Tractor-Trailer Truck Drivers,detailed,"42,970"
27890,DC,"Washington-Arlington-Alexandria, DC-VA-MD-WV Metropolitan Division",Light Truck or Delivery Services Drivers,detailed,"38,320"
27891,DC,"Washington-Arlington-Alexandria, DC-VA-MD-WV Metropolitan Division",Taxi Drivers and Chauffeurs,detailed,"30,450"
27892,DC,"Washington-Arlington-Alexandria, DC-VA-MD-WV Metropolitan Division","Motor Vehicle Operators, All Other",detailed,"42,430"
27893,DC,"Washington-Arlington-Alexandria, DC-VA-MD-WV Metropolitan Division",Locomotive Engineers,detailed,"75,680"
27894,DC,"Washington-Arlington-Alexandria, DC-VA-MD-WV Metropolitan Division",Sailors and Marine Oilers,detailed,"29,080"
27895,DC,"Washington-Arlington-Alexandria, DC-VA-MD-WV Metropolitan Division","Captains, Mates, and Pilots of Water Vessels",detailed,"70,490"
27896,DC,"Washington-Arlington-Alexandria, DC-VA-MD-WV Metropolitan Division",Parking Lot Attendants,detailed,"21,920"
27897,DC,"Washington-Arlington-Alexandria, DC-VA-MD-WV Metropolitan Division",Automotive and Watercraft Service Attendants,detailed,"25,570"
27898,DC,"Washington-Arlington-Alexandria, DC-VA-MD-WV Metropolitan Division",Traffic Technicians,detailed,"53,010"
27899,DC,"Washington-Arlington-Alexandria, DC-VA-MD-WV Metropolitan Division",Transportation Inspectors,detailed,"89,090"
27900,DC,"Washington-Arlington-Alexandria, DC-VA-MD-WV Metropolitan Division","Transportation Attendants, Except Flight Attendants",detailed,"40,210"
27901,DC,"Washington-Arlington-Alexandria, DC-VA-MD-WV Metropolitan Division","Transportation Workers, All Other",detailed,*
27902,DC,"Washington-Arlington-Alexandria, DC-VA-MD-WV Metropolitan Division",Crane and Tower Operators,detailed,"64,470"
27903,DC,"Washington-Arlington-Alexandria, DC-VA-MD-WV Metropolitan Division",Excavating and Loading Machine and Dragline Operators,detailed,"47,960"
27904,DC,"Washington-Arlington-Alexandria, DC-VA-MD-WV Metropolitan Division",Industrial Truck and Tractor Operators,detailed,"37,520"
27905,DC,"Washington-Arlington-Alexandria, DC-VA-MD-WV Metropolitan Division",Cleaners of Vehicles and Equipment,detailed,"24,300"
27906,DC,"Washington-Arlington-Alexandria, DC-VA-MD-WV Metropolitan Division","Laborers and Freight, Stock, and Material Movers, Hand",detailed,"28,270"
27907,DC,"Washington-Arlington-Alexandria, DC-VA-MD-WV Metropolitan Division",Machine Feeders and Offbearers,detailed,"32,790"
27908,DC,"Washington-Arlington-Alexandria, DC-VA-MD-WV Metropolitan Division","Packers and Packagers, Hand",detailed,"23,010"
27909,DC,"Washington-Arlington-Alexandria, DC-VA-MD-WV Metropolitan Division",Refuse and Recyclable Material Collectors,detailed,"34,440"
27910,DC,"Washington-Arlington-Alexandria, DC-VA-MD-WV Metropolitan Division","Material Moving Workers, All Other",detailed,"44,710"
