,PRIM_STATE,AREA,AREA_NAME,OCC_CODE,OCC_TITLE,OCC_GROUP,A_MEAN
123079,RI,77200,"Providence-Warwick, RI-MA",00-0000,All Occupations,total,"49,890"
123080,RI,77200,"Providence-Warwick, RI-MA",11-0000,Management Occupations,major,"119,560"
123081,RI,77200,"Providence-Warwick, RI-MA",11-1011,Chief Executives,detailed,"202,680"
123082,RI,77200,"Providence-Warwick, RI-MA",11-1021,General and Operations Managers,detailed,"130,660"
123083,RI,77200,"Providence-Warwick, RI-MA",11-1031,Legislators,detailed,"34,000"
123084,RI,77200,"Providence-Warwick, RI-MA",11-2011,Advertising and Promotions Managers,detailed,"83,620"
123085,RI,77200,"Providence-Warwick, RI-MA",11-2021,Marketing Managers,detailed,"132,360"
123086,RI,77200,"Providence-Warwick, RI-MA",11-2022,Sales Managers,detailed,"130,100"
123087,RI,77200,"Providence-Warwick, RI-MA",11-2031,Public Relations and Fundraising Managers,detailed,"135,990"
123088,RI,77200,"Providence-Warwick, RI-MA",11-3011,Administrative Services Managers,detailed,"96,770"
123089,RI,77200,"Providence-Warwick, RI-MA",11-3021,Computer and Information Systems Managers,detailed,"136,710"
123090,RI,77200,"Providence-Warwick, RI-MA",11-3031,Financial Managers,detailed,"133,940"
123091,RI,77200,"Providence-Warwick, RI-MA",11-3051,Industrial Production Managers,detailed,"107,410"
123092,RI,77200,"Providence-Warwick, RI-MA",11-3061,Purchasing Managers,detailed,"124,740"
123093,RI,77200,"Providence-Warwick, RI-MA",11-3071,"Transportation, Storage, and Distribution Managers",detailed,"99,180"
123094,RI,77200,"Providence-Warwick, RI-MA",11-3111,Compensation and Benefits Managers,detailed,"143,610"
123095,RI,77200,"Providence-Warwick, RI-MA",11-3121,Human Resources Managers,detailed,"129,210"
123096,RI,77200,"Providence-Warwick, RI-MA",11-3131,Training and Development Managers,detailed,"118,870"
123097,RI,77200,"Providence-Warwick, RI-MA",11-9021,Construction Managers,detailed,"107,590"
123098,RI,77200,"Providence-Warwick, RI-MA",11-9031,"Education Administrators, Preschool and Childcare Center/Program",detailed,"60,790"
123099,RI,77200,"Providence-Warwick, RI-MA",11-9032,"Education Administrators, Elementary and Secondary School",detailed,"101,080"
123100,RI,77200,"Providence-Warwick, RI-MA",11-9033,"Education Administrators, Postsecondary",detailed,"103,900"
123101,RI,77200,"Providence-Warwick, RI-MA",11-9039,"Education Administrators, All Other",detailed,"82,010"
123102,RI,77200,"Providence-Warwick, RI-MA",11-9041,Architectural and Engineering Managers,detailed,"139,170"
123103,RI,77200,"Providence-Warwick, RI-MA",11-9051,Food Service Managers,detailed,"64,270"
123104,RI,77200,"Providence-Warwick, RI-MA",11-9061,Funeral Service Managers,detailed,"76,410"
123105,RI,77200,"Providence-Warwick, RI-MA",11-9081,Lodging Managers,detailed,"68,000"
123106,RI,77200,"Providence-Warwick, RI-MA",11-9111,Medical and Health Services Managers,detailed,"108,730"
123107,RI,77200,"Providence-Warwick, RI-MA",11-9121,Natural Sciences Managers,detailed,"137,400"
123108,RI,77200,"Providence-Warwick, RI-MA",11-9131,Postmasters and Mail Superintendents,detailed,"80,350"
123109,RI,77200,"Providence-Warwick, RI-MA",11-9141,"Property, Real Estate, and Community Association Managers",detailed,"80,760"
123110,RI,77200,"Providence-Warwick, RI-MA",11-9151,Social and Community Service Managers,detailed,"73,960"
123111,RI,77200,"Providence-Warwick, RI-MA",11-9199,"Managers, All Other",detailed,"118,950"
123112,RI,77200,"Providence-Warwick, RI-MA",13-0000,Business and Financial Operations Occupations,major,"75,140"
123113,RI,77200,"Providence-Warwick, RI-MA",13-1021,"Buyers and Purchasing Agents, Farm Products",detailed,"48,330"
123114,RI,77200,"Providence-Warwick, RI-MA",13-1022,"Wholesale and Retail Buyers, Except Farm Products",detailed,"65,320"
123115,RI,77200,"Providence-Warwick, RI-MA",13-1023,"Purchasing Agents, Except Wholesale, Retail, and Farm Products",detailed,"67,400"
123116,RI,77200,"Providence-Warwick, RI-MA",13-1031,"Claims Adjusters, Examiners, and Investigators",detailed,"69,370"
123117,RI,77200,"Providence-Warwick, RI-MA",13-1041,Compliance Officers,detailed,"73,430"
123118,RI,77200,"Providence-Warwick, RI-MA",13-1051,Cost Estimators,detailed,"64,210"
123119,RI,77200,"Providence-Warwick, RI-MA",13-1071,Human Resources Specialists,detailed,"61,450"
123120,RI,77200,"Providence-Warwick, RI-MA",13-1075,Labor Relations Specialists,detailed,"62,400"
123121,RI,77200,"Providence-Warwick, RI-MA",13-1081,Logisticians,detailed,"77,800"
123122,RI,77200,"Providence-Warwick, RI-MA",13-1111,Management Analysts,detailed,"91,110"
123123,RI,77200,"Providence-Warwick, RI-MA",13-1121,"Meeting, Convention, and Event Planners",detailed,"50,290"
123124,RI,77200,"Providence-Warwick, RI-MA",13-1131,Fundraisers,detailed,"63,020"
123125,RI,77200,"Providence-Warwick, RI-MA",13-1141,"Compensation, Benefits, and Job Analysis Specialists",detailed,"68,420"
123126,RI,77200,"Providence-Warwick, RI-MA",13-1151,Training and Development Specialists,detailed,"72,980"
123127,RI,77200,"Providence-Warwick, RI-MA",13-1161,Market Research Analysts and Marketing Specialists,detailed,"67,060"
123128,RI,77200,"Providence-Warwick, RI-MA",13-1199,"Business Operations Specialists, All Other",detailed,"72,290"
123129,RI,77200,"Providence-Warwick, RI-MA",13-2011,Accountants and Auditors,detailed,"79,150"
123130,RI,77200,"Providence-Warwick, RI-MA",13-2021,Appraisers and Assessors of Real Estate,detailed,"55,360"
123131,RI,77200,"Providence-Warwick, RI-MA",13-2031,Budget Analysts,detailed,"77,290"
123132,RI,77200,"Providence-Warwick, RI-MA",13-2041,Credit Analysts,detailed,"79,490"
123133,RI,77200,"Providence-Warwick, RI-MA",13-2051,Financial Analysts,detailed,"74,880"
123134,RI,77200,"Providence-Warwick, RI-MA",13-2052,Personal Financial Advisors,detailed,"115,910"
123135,RI,77200,"Providence-Warwick, RI-MA",13-2053,Insurance Underwriters,detailed,"69,570"
123136,RI,77200,"Providence-Warwick, RI-MA",13-2061,Financial Examiners,detailed,"81,350"
123137,RI,77200,"Providence-Warwick, RI-MA",13-2071,Credit Counselors,detailed,"66,270"
123138,RI,77200,"Providence-Warwick, RI-MA",13-2072,Loan Officers,detailed,"86,590"
123139,RI,77200,"Providence-Warwick, RI-MA",13-2081,"Tax Examiners and Collectors, and Revenue Agents",detailed,"69,850"
123140,RI,77200,"Providence-Warwick, RI-MA",13-2082,Tax Preparers,detailed,*
123141,RI,77200,"Providence-Warwick, RI-MA",13-2099,"Financial Specialists, All Other",detailed,"72,830"
123142,RI,77200,"Providence-Warwick, RI-MA",15-0000,Computer and Mathematical Occupations,major,"81,300"
123143,RI,77200,"Providence-Warwick, RI-MA",15-1111,Computer and Information Research Scientists,detailed,"109,110"
123144,RI,77200,"Providence-Warwick, RI-MA",15-1121,Computer Systems Analysts,detailed,"82,540"
123145,RI,77200,"Providence-Warwick, RI-MA",15-1122,Information Security Analysts,detailed,"91,150"
123146,RI,77200,"Providence-Warwick, RI-MA",15-1131,Computer Programmers,detailed,"77,480"
123147,RI,77200,"Providence-Warwick, RI-MA",15-1132,"Software Developers, Applications",detailed,"90,240"
123148,RI,77200,"Providence-Warwick, RI-MA",15-1133,"Software Developers, Systems Software",detailed,"110,460"
123149,RI,77200,"Providence-Warwick, RI-MA",15-1134,Web Developers,detailed,"78,170"
123150,RI,77200,"Providence-Warwick, RI-MA",15-1141,Database Administrators,detailed,"88,980"
123151,RI,77200,"Providence-Warwick, RI-MA",15-1142,Network and Computer Systems Administrators,detailed,"80,560"
123152,RI,77200,"Providence-Warwick, RI-MA",15-1143,Computer Network Architects,detailed,"110,150"
123153,RI,77200,"Providence-Warwick, RI-MA",15-1151,Computer User Support Specialists,detailed,"49,920"
123154,RI,77200,"Providence-Warwick, RI-MA",15-1152,Computer Network Support Specialists,detailed,"48,630"
123155,RI,77200,"Providence-Warwick, RI-MA",15-1199,"Computer Occupations, All Other",detailed,"91,130"
123156,RI,77200,"Providence-Warwick, RI-MA",15-2011,Actuaries,detailed,"91,470"
123157,RI,77200,"Providence-Warwick, RI-MA",15-2021,Mathematicians,detailed,"101,480"
123158,RI,77200,"Providence-Warwick, RI-MA",15-2031,Operations Research Analysts,detailed,"77,740"
123159,RI,77200,"Providence-Warwick, RI-MA",15-2041,Statisticians,detailed,"80,720"
123160,RI,77200,"Providence-Warwick, RI-MA",17-0000,Architecture and Engineering Occupations,major,"83,840"
123161,RI,77200,"Providence-Warwick, RI-MA",17-1011,"Architects, Except Landscape and Naval",detailed,"78,170"
123162,RI,77200,"Providence-Warwick, RI-MA",17-1012,Landscape Architects,detailed,*
123163,RI,77200,"Providence-Warwick, RI-MA",17-1022,Surveyors,detailed,"75,980"
123164,RI,77200,"Providence-Warwick, RI-MA",17-2031,Biomedical Engineers,detailed,"81,660"
123165,RI,77200,"Providence-Warwick, RI-MA",17-2041,Chemical Engineers,detailed,"97,310"
123166,RI,77200,"Providence-Warwick, RI-MA",17-2051,Civil Engineers,detailed,"84,400"
123167,RI,77200,"Providence-Warwick, RI-MA",17-2061,Computer Hardware Engineers,detailed,"90,970"
123168,RI,77200,"Providence-Warwick, RI-MA",17-2071,Electrical Engineers,detailed,"99,000"
123169,RI,77200,"Providence-Warwick, RI-MA",17-2072,"Electronics Engineers, Except Computer",detailed,"118,460"
123170,RI,77200,"Providence-Warwick, RI-MA",17-2081,Environmental Engineers,detailed,"85,760"
123171,RI,77200,"Providence-Warwick, RI-MA",17-2111,"Health and Safety Engineers, Except Mining Safety Engineers and Inspectors",detailed,"78,310"
123172,RI,77200,"Providence-Warwick, RI-MA",17-2112,Industrial Engineers,detailed,"85,780"
123173,RI,77200,"Providence-Warwick, RI-MA",17-2131,Materials Engineers,detailed,"88,570"
123174,RI,77200,"Providence-Warwick, RI-MA",17-2141,Mechanical Engineers,detailed,"92,480"
123175,RI,77200,"Providence-Warwick, RI-MA",17-2199,"Engineers, All Other",detailed,"95,340"
123176,RI,77200,"Providence-Warwick, RI-MA",17-3011,Architectural and Civil Drafters,detailed,"55,030"
123177,RI,77200,"Providence-Warwick, RI-MA",17-3012,Electrical and Electronics Drafters,detailed,"59,480"
123178,RI,77200,"Providence-Warwick, RI-MA",17-3013,Mechanical Drafters,detailed,"50,580"
123179,RI,77200,"Providence-Warwick, RI-MA",17-3022,Civil Engineering Technicians,detailed,"52,450"
123180,RI,77200,"Providence-Warwick, RI-MA",17-3023,Electrical and Electronics Engineering Technicians,detailed,"60,550"
123181,RI,77200,"Providence-Warwick, RI-MA",17-3024,Electro-Mechanical Technicians,detailed,"40,140"
123182,RI,77200,"Providence-Warwick, RI-MA",17-3025,Environmental Engineering Technicians,detailed,"44,400"
123183,RI,77200,"Providence-Warwick, RI-MA",17-3026,Industrial Engineering Technicians,detailed,"53,570"
123184,RI,77200,"Providence-Warwick, RI-MA",17-3027,Mechanical Engineering Technicians,detailed,"58,250"
123185,RI,77200,"Providence-Warwick, RI-MA",17-3029,"Engineering Technicians, Except Drafters, All Other",detailed,"75,640"
123186,RI,77200,"Providence-Warwick, RI-MA",17-3031,Surveying and Mapping Technicians,detailed,"46,810"
123187,RI,77200,"Providence-Warwick, RI-MA",19-0000,"Life, Physical, and Social Science Occupations",major,"72,870"
123188,RI,77200,"Providence-Warwick, RI-MA",19-1012,Food Scientists and Technologists,detailed,"63,120"
123189,RI,77200,"Providence-Warwick, RI-MA",19-1021,Biochemists and Biophysicists,detailed,"57,290"
123190,RI,77200,"Providence-Warwick, RI-MA",19-1023,Zoologists and Wildlife Biologists,detailed,"83,040"
123191,RI,77200,"Providence-Warwick, RI-MA",19-1029,"Biological Scientists, All Other",detailed,"78,430"
123192,RI,77200,"Providence-Warwick, RI-MA",19-1031,Conservation Scientists,detailed,"78,550"
123193,RI,77200,"Providence-Warwick, RI-MA",19-1042,"Medical Scientists, Except Epidemiologists",detailed,"94,020"
123194,RI,77200,"Providence-Warwick, RI-MA",19-2012,Physicists,detailed,"121,360"
123195,RI,77200,"Providence-Warwick, RI-MA",19-2031,Chemists,detailed,"83,590"
123196,RI,77200,"Providence-Warwick, RI-MA",19-2041,"Environmental Scientists and Specialists, Including Health",detailed,"80,350"
123197,RI,77200,"Providence-Warwick, RI-MA",19-2042,"Geoscientists, Except Hydrologists and Geographers",detailed,"68,560"
123198,RI,77200,"Providence-Warwick, RI-MA",19-2099,"Physical Scientists, All Other",detailed,"90,550"
123199,RI,77200,"Providence-Warwick, RI-MA",19-3031,"Clinical, Counseling, and School Psychologists",detailed,"79,900"
123200,RI,77200,"Providence-Warwick, RI-MA",19-3039,"Psychologists, All Other",detailed,"90,110"
123201,RI,77200,"Providence-Warwick, RI-MA",19-3051,Urban and Regional Planners,detailed,"73,090"
123202,RI,77200,"Providence-Warwick, RI-MA",19-3099,"Social Scientists and Related Workers, All Other",detailed,"72,690"
123203,RI,77200,"Providence-Warwick, RI-MA",19-4021,Biological Technicians,detailed,"43,820"
123204,RI,77200,"Providence-Warwick, RI-MA",19-4031,Chemical Technicians,detailed,"45,110"
123205,RI,77200,"Providence-Warwick, RI-MA",19-4091,"Environmental Science and Protection Technicians, Including Health",detailed,"46,020"
123206,RI,77200,"Providence-Warwick, RI-MA",19-4099,"Life, Physical, and Social Science Technicians, All Other",detailed,"51,820"
123207,RI,77200,"Providence-Warwick, RI-MA",21-0000,Community and Social Service Occupations,major,"46,380"
123208,RI,77200,"Providence-Warwick, RI-MA",21-1011,Substance Abuse and Behavioral Disorder Counselors,detailed,"35,440"
123209,RI,77200,"Providence-Warwick, RI-MA",21-1012,"Educational, Guidance, School, and Vocational Counselors",detailed,"62,100"
123210,RI,77200,"Providence-Warwick, RI-MA",21-1014,Mental Health Counselors,detailed,"36,090"
123211,RI,77200,"Providence-Warwick, RI-MA",21-1015,Rehabilitation Counselors,detailed,"42,140"
123212,RI,77200,"Providence-Warwick, RI-MA",21-1021,"Child, Family, and School Social Workers",detailed,"58,400"
123213,RI,77200,"Providence-Warwick, RI-MA",21-1022,Healthcare Social Workers,detailed,*
123214,RI,77200,"Providence-Warwick, RI-MA",21-1023,Mental Health and Substance Abuse Social Workers,detailed,*
123215,RI,77200,"Providence-Warwick, RI-MA",21-1029,"Social Workers, All Other",detailed,"73,610"
123216,RI,77200,"Providence-Warwick, RI-MA",21-1091,Health Educators,detailed,"67,560"
123217,RI,77200,"Providence-Warwick, RI-MA",21-1093,Social and Human Service Assistants,detailed,"32,530"
123218,RI,77200,"Providence-Warwick, RI-MA",21-1094,Community Health Workers,detailed,"42,700"
123219,RI,77200,"Providence-Warwick, RI-MA",21-1099,"Community and Social Service Specialists, All Other",detailed,"42,100"
123220,RI,77200,"Providence-Warwick, RI-MA",21-2011,Clergy,detailed,"48,010"
123221,RI,77200,"Providence-Warwick, RI-MA",21-2021,"Directors, Religious Activities and Education",detailed,"38,520"
123222,RI,77200,"Providence-Warwick, RI-MA",21-2099,"Religious Workers, All Other",detailed,"23,390"
123223,RI,77200,"Providence-Warwick, RI-MA",23-0000,Legal Occupations,major,"92,690"
123224,RI,77200,"Providence-Warwick, RI-MA",23-1011,Lawyers,detailed,"127,700"
123225,RI,77200,"Providence-Warwick, RI-MA",23-1021,"Administrative Law Judges, Adjudicators, and Hearing Officers",detailed,"105,370"
123226,RI,77200,"Providence-Warwick, RI-MA",23-1023,"Judges, Magistrate Judges, and Magistrates",detailed,"159,170"
123227,RI,77200,"Providence-Warwick, RI-MA",23-2011,Paralegals and Legal Assistants,detailed,"55,020"
123228,RI,77200,"Providence-Warwick, RI-MA",23-2093,"Title Examiners, Abstractors, and Searchers",detailed,"50,080"
123229,RI,77200,"Providence-Warwick, RI-MA",23-2099,"Legal Support Workers, All Other",detailed,"61,180"
123230,RI,77200,"Providence-Warwick, RI-MA",25-0000,"Education, Training, and Library Occupations",major,"59,810"
123231,RI,77200,"Providence-Warwick, RI-MA",25-1011,"Business Teachers, Postsecondary",detailed,"98,720"
123232,RI,77200,"Providence-Warwick, RI-MA",25-1021,"Computer Science Teachers, Postsecondary",detailed,"91,580"
123233,RI,77200,"Providence-Warwick, RI-MA",25-1022,"Mathematical Science Teachers, Postsecondary",detailed,"82,420"
123234,RI,77200,"Providence-Warwick, RI-MA",25-1031,"Architecture Teachers, Postsecondary",detailed,*
123235,RI,77200,"Providence-Warwick, RI-MA",25-1032,"Engineering Teachers, Postsecondary",detailed,"101,160"
123236,RI,77200,"Providence-Warwick, RI-MA",25-1042,"Biological Science Teachers, Postsecondary",detailed,"79,250"
123237,RI,77200,"Providence-Warwick, RI-MA",25-1051,"Atmospheric, Earth, Marine, and Space Sciences Teachers, Postsecondary",detailed,"104,290"
123238,RI,77200,"Providence-Warwick, RI-MA",25-1052,"Chemistry Teachers, Postsecondary",detailed,"93,240"
123239,RI,77200,"Providence-Warwick, RI-MA",25-1054,"Physics Teachers, Postsecondary",detailed,"87,040"
123240,RI,77200,"Providence-Warwick, RI-MA",25-1062,"Area, Ethnic, and Cultural Studies Teachers, Postsecondary",detailed,"91,140"
123241,RI,77200,"Providence-Warwick, RI-MA",25-1063,"Economics Teachers, Postsecondary",detailed,"116,760"
123242,RI,77200,"Providence-Warwick, RI-MA",25-1065,"Political Science Teachers, Postsecondary",detailed,"97,400"
123243,RI,77200,"Providence-Warwick, RI-MA",25-1066,"Psychology Teachers, Postsecondary",detailed,"89,180"
123244,RI,77200,"Providence-Warwick, RI-MA",25-1067,"Sociology Teachers, Postsecondary",detailed,"122,340"
123245,RI,77200,"Providence-Warwick, RI-MA",25-1069,"Social Sciences Teachers, Postsecondary, All Other",detailed,"88,640"
123246,RI,77200,"Providence-Warwick, RI-MA",25-1071,"Health Specialties Teachers, Postsecondary",detailed,"84,380"
123247,RI,77200,"Providence-Warwick, RI-MA",25-1081,"Education Teachers, Postsecondary",detailed,"75,970"
123248,RI,77200,"Providence-Warwick, RI-MA",25-1111,"Criminal Justice and Law Enforcement Teachers, Postsecondary",detailed,"97,690"
123249,RI,77200,"Providence-Warwick, RI-MA",25-1113,"Social Work Teachers, Postsecondary",detailed,"70,370"
123250,RI,77200,"Providence-Warwick, RI-MA",25-1121,"Art, Drama, and Music Teachers, Postsecondary",detailed,"73,470"
123251,RI,77200,"Providence-Warwick, RI-MA",25-1122,"Communications Teachers, Postsecondary",detailed,"68,690"
123252,RI,77200,"Providence-Warwick, RI-MA",25-1123,"English Language and Literature Teachers, Postsecondary",detailed,"73,250"
123253,RI,77200,"Providence-Warwick, RI-MA",25-1124,"Foreign Language and Literature Teachers, Postsecondary",detailed,"73,670"
123254,RI,77200,"Providence-Warwick, RI-MA",25-1125,"History Teachers, Postsecondary",detailed,"79,840"
123255,RI,77200,"Providence-Warwick, RI-MA",25-1126,"Philosophy and Religion Teachers, Postsecondary",detailed,"97,480"
123256,RI,77200,"Providence-Warwick, RI-MA",25-1194,"Vocational Education Teachers, Postsecondary",detailed,"67,600"
123257,RI,77200,"Providence-Warwick, RI-MA",25-1199,"Postsecondary Teachers, All Other",detailed,"94,790"
123258,RI,77200,"Providence-Warwick, RI-MA",25-2011,"Preschool Teachers, Except Special Education",detailed,"35,070"
123259,RI,77200,"Providence-Warwick, RI-MA",25-2012,"Kindergarten Teachers, Except Special Education",detailed,"66,950"
123260,RI,77200,"Providence-Warwick, RI-MA",25-2021,"Elementary School Teachers, Except Special Education",detailed,"69,260"
123261,RI,77200,"Providence-Warwick, RI-MA",25-2022,"Middle School Teachers, Except Special and Career/Technical Education",detailed,"68,300"
123262,RI,77200,"Providence-Warwick, RI-MA",25-2031,"Secondary School Teachers, Except Special and Career/Technical Education",detailed,"67,090"
123263,RI,77200,"Providence-Warwick, RI-MA",25-2032,"Career/Technical Education Teachers, Secondary School",detailed,"74,950"
123264,RI,77200,"Providence-Warwick, RI-MA",25-2051,"Special Education Teachers, Preschool",detailed,"60,870"
123265,RI,77200,"Providence-Warwick, RI-MA",25-2052,"Special Education Teachers, Kindergarten and Elementary School",detailed,"69,980"
123266,RI,77200,"Providence-Warwick, RI-MA",25-2053,"Special Education Teachers, Middle School",detailed,"69,430"
123267,RI,77200,"Providence-Warwick, RI-MA",25-2054,"Special Education Teachers, Secondary School",detailed,"69,450"
123268,RI,77200,"Providence-Warwick, RI-MA",25-2059,"Special Education Teachers, All Other",detailed,"55,440"
123269,RI,77200,"Providence-Warwick, RI-MA",25-3011,Adult Basic and Secondary Education and Literacy Teachers and Instructors,detailed,"54,480"
123270,RI,77200,"Providence-Warwick, RI-MA",25-3021,Self-Enrichment Education Teachers,detailed,"38,230"
123271,RI,77200,"Providence-Warwick, RI-MA",25-3097,"Teachers and Instructors, All Other, Except Substitute Teachers",detailed,"76,900"
123272,RI,77200,"Providence-Warwick, RI-MA",25-3098,Substitute Teachers,detailed,"29,380"
123273,RI,77200,"Providence-Warwick, RI-MA",25-4011,Archivists,detailed,"61,480"
123274,RI,77200,"Providence-Warwick, RI-MA",25-4012,Curators,detailed,"55,730"
123275,RI,77200,"Providence-Warwick, RI-MA",25-4013,Museum Technicians and Conservators,detailed,"48,740"
123276,RI,77200,"Providence-Warwick, RI-MA",25-4021,Librarians,detailed,"62,930"
123277,RI,77200,"Providence-Warwick, RI-MA",25-4031,Library Technicians,detailed,"39,140"
123278,RI,77200,"Providence-Warwick, RI-MA",25-9031,Instructional Coordinators,detailed,"57,380"
123279,RI,77200,"Providence-Warwick, RI-MA",25-9041,Teacher Assistants,detailed,"32,320"
123280,RI,77200,"Providence-Warwick, RI-MA",25-9099,"Education, Training, and Library Workers, All Other",detailed,"51,640"
123281,RI,77200,"Providence-Warwick, RI-MA",27-0000,"Arts, Design, Entertainment, Sports, and Media Occupations",major,"54,180"
123282,RI,77200,"Providence-Warwick, RI-MA",27-1011,Art Directors,detailed,"60,980"
123283,RI,77200,"Providence-Warwick, RI-MA",27-1014,Multimedia Artists and Animators,detailed,"56,060"
123284,RI,77200,"Providence-Warwick, RI-MA",27-1021,Commercial and Industrial Designers,detailed,"64,760"
123285,RI,77200,"Providence-Warwick, RI-MA",27-1023,Floral Designers,detailed,"29,870"
123286,RI,77200,"Providence-Warwick, RI-MA",27-1024,Graphic Designers,detailed,"55,040"
123287,RI,77200,"Providence-Warwick, RI-MA",27-1025,Interior Designers,detailed,"70,560"
123288,RI,77200,"Providence-Warwick, RI-MA",27-1026,Merchandise Displayers and Window Trimmers,detailed,"39,790"
123289,RI,77200,"Providence-Warwick, RI-MA",27-2012,Producers and Directors,detailed,"57,770"
123290,RI,77200,"Providence-Warwick, RI-MA",27-2022,Coaches and Scouts,detailed,"45,210"
123291,RI,77200,"Providence-Warwick, RI-MA",27-2023,"Umpires, Referees, and Other Sports Officials",detailed,"24,440"
123292,RI,77200,"Providence-Warwick, RI-MA",27-2031,Dancers,detailed,*
123293,RI,77200,"Providence-Warwick, RI-MA",27-2041,Music Directors and Composers,detailed,"59,600"
123294,RI,77200,"Providence-Warwick, RI-MA",27-2042,Musicians and Singers,detailed,*
123295,RI,77200,"Providence-Warwick, RI-MA",27-3011,Radio and Television Announcers,detailed,"35,290"
123296,RI,77200,"Providence-Warwick, RI-MA",27-3021,Broadcast News Analysts,detailed,*
123297,RI,77200,"Providence-Warwick, RI-MA",27-3022,Reporters and Correspondents,detailed,"51,810"
123298,RI,77200,"Providence-Warwick, RI-MA",27-3031,Public Relations Specialists,detailed,"71,680"
123299,RI,77200,"Providence-Warwick, RI-MA",27-3041,Editors,detailed,"58,390"
123300,RI,77200,"Providence-Warwick, RI-MA",27-3042,Technical Writers,detailed,"74,400"
123301,RI,77200,"Providence-Warwick, RI-MA",27-3043,Writers and Authors,detailed,"55,500"
123302,RI,77200,"Providence-Warwick, RI-MA",27-3091,Interpreters and Translators,detailed,"44,870"
123303,RI,77200,"Providence-Warwick, RI-MA",27-3099,"Media and Communication Workers, All Other",detailed,"39,510"
123304,RI,77200,"Providence-Warwick, RI-MA",27-4011,Audio and Video Equipment Technicians,detailed,"47,570"
123305,RI,77200,"Providence-Warwick, RI-MA",27-4012,Broadcast Technicians,detailed,"51,970"
123306,RI,77200,"Providence-Warwick, RI-MA",27-4021,Photographers,detailed,"48,850"
123307,RI,77200,"Providence-Warwick, RI-MA",27-4099,"Media and Communication Equipment Workers, All Other",detailed,"72,250"
123308,RI,77200,"Providence-Warwick, RI-MA",29-0000,Healthcare Practitioners and Technical Occupations,major,"87,020"
123309,RI,77200,"Providence-Warwick, RI-MA",29-1011,Chiropractors,detailed,"83,300"
123310,RI,77200,"Providence-Warwick, RI-MA",29-1021,"Dentists, General",detailed,"166,070"
123311,RI,77200,"Providence-Warwick, RI-MA",29-1029,"Dentists, All Other Specialists",detailed,"116,850"
123312,RI,77200,"Providence-Warwick, RI-MA",29-1031,Dietitians and Nutritionists,detailed,"61,500"
123313,RI,77200,"Providence-Warwick, RI-MA",29-1041,Optometrists,detailed,"107,790"
123314,RI,77200,"Providence-Warwick, RI-MA",29-1051,Pharmacists,detailed,"116,590"
123315,RI,77200,"Providence-Warwick, RI-MA",29-1061,Anesthesiologists,detailed,"266,930"
123316,RI,77200,"Providence-Warwick, RI-MA",29-1062,Family and General Practitioners,detailed,"196,000"
123317,RI,77200,"Providence-Warwick, RI-MA",29-1063,"Internists, General",detailed,"197,070"
123318,RI,77200,"Providence-Warwick, RI-MA",29-1064,Obstetricians and Gynecologists,detailed,*
123319,RI,77200,"Providence-Warwick, RI-MA",29-1065,"Pediatricians, General",detailed,"163,070"
123320,RI,77200,"Providence-Warwick, RI-MA",29-1066,Psychiatrists,detailed,"200,130"
123321,RI,77200,"Providence-Warwick, RI-MA",29-1067,Surgeons,detailed,"256,890"
123322,RI,77200,"Providence-Warwick, RI-MA",29-1069,"Physicians and Surgeons, All Other",detailed,"171,830"
123323,RI,77200,"Providence-Warwick, RI-MA",29-1071,Physician Assistants,detailed,"113,130"
123324,RI,77200,"Providence-Warwick, RI-MA",29-1081,Podiatrists,detailed,"99,450"
123325,RI,77200,"Providence-Warwick, RI-MA",29-1122,Occupational Therapists,detailed,"80,330"
123326,RI,77200,"Providence-Warwick, RI-MA",29-1123,Physical Therapists,detailed,"81,030"
123327,RI,77200,"Providence-Warwick, RI-MA",29-1124,Radiation Therapists,detailed,"86,110"
123328,RI,77200,"Providence-Warwick, RI-MA",29-1125,Recreational Therapists,detailed,"40,350"
123329,RI,77200,"Providence-Warwick, RI-MA",29-1126,Respiratory Therapists,detailed,"62,160"
123330,RI,77200,"Providence-Warwick, RI-MA",29-1127,Speech-Language Pathologists,detailed,"76,850"
123331,RI,77200,"Providence-Warwick, RI-MA",29-1129,"Therapists, All Other",detailed,"75,210"
123332,RI,77200,"Providence-Warwick, RI-MA",29-1131,Veterinarians,detailed,"121,530"
123333,RI,77200,"Providence-Warwick, RI-MA",29-1141,Registered Nurses,detailed,"76,610"
123334,RI,77200,"Providence-Warwick, RI-MA",29-1151,Nurse Anesthetists,detailed,"241,660"
123335,RI,77200,"Providence-Warwick, RI-MA",29-1171,Nurse Practitioners,detailed,"108,510"
123336,RI,77200,"Providence-Warwick, RI-MA",29-2011,Medical and Clinical Laboratory Technologists,detailed,"69,660"
123337,RI,77200,"Providence-Warwick, RI-MA",29-2012,Medical and Clinical Laboratory Technicians,detailed,"55,030"
123338,RI,77200,"Providence-Warwick, RI-MA",29-2021,Dental Hygienists,detailed,"74,580"
123339,RI,77200,"Providence-Warwick, RI-MA",29-2031,Cardiovascular Technologists and Technicians,detailed,"66,650"
123340,RI,77200,"Providence-Warwick, RI-MA",29-2032,Diagnostic Medical Sonographers,detailed,"71,590"
123341,RI,77200,"Providence-Warwick, RI-MA",29-2033,Nuclear Medicine Technologists,detailed,"85,610"
123342,RI,77200,"Providence-Warwick, RI-MA",29-2034,Radiologic Technologists,detailed,"68,050"
123343,RI,77200,"Providence-Warwick, RI-MA",29-2035,Magnetic Resonance Imaging Technologists,detailed,"76,560"
123344,RI,77200,"Providence-Warwick, RI-MA",29-2041,Emergency Medical Technicians and Paramedics,detailed,"37,240"
123345,RI,77200,"Providence-Warwick, RI-MA",29-2051,Dietetic Technicians,detailed,"33,990"
123346,RI,77200,"Providence-Warwick, RI-MA",29-2052,Pharmacy Technicians,detailed,"31,980"
123347,RI,77200,"Providence-Warwick, RI-MA",29-2053,Psychiatric Technicians,detailed,"41,900"
123348,RI,77200,"Providence-Warwick, RI-MA",29-2054,Respiratory Therapy Technicians,detailed,"57,620"
123349,RI,77200,"Providence-Warwick, RI-MA",29-2055,Surgical Technologists,detailed,"51,130"
123350,RI,77200,"Providence-Warwick, RI-MA",29-2056,Veterinary Technologists and Technicians,detailed,"34,980"
123351,RI,77200,"Providence-Warwick, RI-MA",29-2057,Ophthalmic Medical Technicians,detailed,"33,500"
123352,RI,77200,"Providence-Warwick, RI-MA",29-2061,Licensed Practical and Licensed Vocational Nurses,detailed,"52,910"
123353,RI,77200,"Providence-Warwick, RI-MA",29-2071,Medical Records and Health Information Technicians,detailed,"40,020"
123354,RI,77200,"Providence-Warwick, RI-MA",29-2081,"Opticians, Dispensing",detailed,"46,130"
123355,RI,77200,"Providence-Warwick, RI-MA",29-2099,"Health Technologists and Technicians, All Other",detailed,"53,360"
123356,RI,77200,"Providence-Warwick, RI-MA",29-9011,Occupational Health and Safety Specialists,detailed,"76,690"
123357,RI,77200,"Providence-Warwick, RI-MA",29-9012,Occupational Health and Safety Technicians,detailed,"60,940"
123358,RI,77200,"Providence-Warwick, RI-MA",29-9091,Athletic Trainers,detailed,"49,900"
123359,RI,77200,"Providence-Warwick, RI-MA",29-9099,"Healthcare Practitioners and Technical Workers, All Other",detailed,"51,860"
123360,RI,77200,"Providence-Warwick, RI-MA",31-0000,Healthcare Support Occupations,major,"31,240"
123361,RI,77200,"Providence-Warwick, RI-MA",31-1011,Home Health Aides,detailed,"26,630"
123362,RI,77200,"Providence-Warwick, RI-MA",31-1013,Psychiatric Aides,detailed,*
123363,RI,77200,"Providence-Warwick, RI-MA",31-1014,Nursing Assistants,detailed,"28,930"
123364,RI,77200,"Providence-Warwick, RI-MA",31-1015,Orderlies,detailed,"31,790"
123365,RI,77200,"Providence-Warwick, RI-MA",31-2011,Occupational Therapy Assistants,detailed,"57,970"
123366,RI,77200,"Providence-Warwick, RI-MA",31-2021,Physical Therapist Assistants,detailed,"53,500"
123367,RI,77200,"Providence-Warwick, RI-MA",31-2022,Physical Therapist Aides,detailed,"27,950"
123368,RI,77200,"Providence-Warwick, RI-MA",31-9011,Massage Therapists,detailed,"36,970"
123369,RI,77200,"Providence-Warwick, RI-MA",31-9091,Dental Assistants,detailed,"39,520"
123370,RI,77200,"Providence-Warwick, RI-MA",31-9092,Medical Assistants,detailed,"33,610"
123371,RI,77200,"Providence-Warwick, RI-MA",31-9093,Medical Equipment Preparers,detailed,"39,220"
123372,RI,77200,"Providence-Warwick, RI-MA",31-9094,Medical Transcriptionists,detailed,"39,600"
123373,RI,77200,"Providence-Warwick, RI-MA",31-9095,Pharmacy Aides,detailed,"27,960"
123374,RI,77200,"Providence-Warwick, RI-MA",31-9096,Veterinary Assistants and Laboratory Animal Caretakers,detailed,"29,640"
123375,RI,77200,"Providence-Warwick, RI-MA",31-9097,Phlebotomists,detailed,"37,310"
123376,RI,77200,"Providence-Warwick, RI-MA",31-9099,"Healthcare Support Workers, All Other",detailed,"35,430"
123377,RI,77200,"Providence-Warwick, RI-MA",33-0000,Protective Service Occupations,major,"47,330"
123378,RI,77200,"Providence-Warwick, RI-MA",33-1012,First-Line Supervisors of Police and Detectives,detailed,"80,480"
123379,RI,77200,"Providence-Warwick, RI-MA",33-1021,First-Line Supervisors of Fire Fighting and Prevention Workers,detailed,"70,980"
123380,RI,77200,"Providence-Warwick, RI-MA",33-1099,"First-Line Supervisors of Protective Service Workers, All Other",detailed,"59,810"
123381,RI,77200,"Providence-Warwick, RI-MA",33-2011,Firefighters,detailed,"53,300"
123382,RI,77200,"Providence-Warwick, RI-MA",33-2021,Fire Inspectors and Investigators,detailed,"59,350"
123383,RI,77200,"Providence-Warwick, RI-MA",33-3021,Detectives and Criminal Investigators,detailed,"81,320"
123384,RI,77200,"Providence-Warwick, RI-MA",33-3041,Parking Enforcement Workers,detailed,"33,500"
123385,RI,77200,"Providence-Warwick, RI-MA",33-3051,Police and Sheriff's Patrol Officers,detailed,"56,990"
123386,RI,77200,"Providence-Warwick, RI-MA",33-9011,Animal Control Workers,detailed,"37,960"
123387,RI,77200,"Providence-Warwick, RI-MA",33-9021,Private Detectives and Investigators,detailed,"46,040"
123388,RI,77200,"Providence-Warwick, RI-MA",33-9032,Security Guards,detailed,"28,500"
123389,RI,77200,"Providence-Warwick, RI-MA",33-9091,Crossing Guards,detailed,"30,500"
123390,RI,77200,"Providence-Warwick, RI-MA",33-9092,"Lifeguards, Ski Patrol, and Other Recreational Protective Service Workers",detailed,"23,590"
123391,RI,77200,"Providence-Warwick, RI-MA",33-9099,"Protective Service Workers, All Other",detailed,"29,390"
123392,RI,77200,"Providence-Warwick, RI-MA",35-0000,Food Preparation and Serving Related Occupations,major,"23,770"
123393,RI,77200,"Providence-Warwick, RI-MA",35-1011,Chefs and Head Cooks,detailed,"53,910"
123394,RI,77200,"Providence-Warwick, RI-MA",35-1012,First-Line Supervisors of Food Preparation and Serving Workers,detailed,"37,510"
123395,RI,77200,"Providence-Warwick, RI-MA",35-2011,"Cooks, Fast Food",detailed,"22,530"
123396,RI,77200,"Providence-Warwick, RI-MA",35-2012,"Cooks, Institution and Cafeteria",detailed,"34,190"
123397,RI,77200,"Providence-Warwick, RI-MA",35-2014,"Cooks, Restaurant",detailed,"25,420"
123398,RI,77200,"Providence-Warwick, RI-MA",35-2015,"Cooks, Short Order",detailed,"23,710"
123399,RI,77200,"Providence-Warwick, RI-MA",35-2021,Food Preparation Workers,detailed,"23,480"
123400,RI,77200,"Providence-Warwick, RI-MA",35-3011,Bartenders,detailed,"22,180"
123401,RI,77200,"Providence-Warwick, RI-MA",35-3021,"Combined Food Preparation and Serving Workers, Including Fast Food",detailed,"20,460"
123402,RI,77200,"Providence-Warwick, RI-MA",35-3022,"Counter Attendants, Cafeteria, Food Concession, and Coffee Shop",detailed,"21,400"
123403,RI,77200,"Providence-Warwick, RI-MA",35-3031,Waiters and Waitresses,detailed,"21,890"
123404,RI,77200,"Providence-Warwick, RI-MA",35-3041,"Food Servers, Nonrestaurant",detailed,"24,340"
123405,RI,77200,"Providence-Warwick, RI-MA",35-9011,Dining Room and Cafeteria Attendants and Bartender Helpers,detailed,"21,660"
123406,RI,77200,"Providence-Warwick, RI-MA",35-9021,Dishwashers,detailed,"21,090"
123407,RI,77200,"Providence-Warwick, RI-MA",35-9031,"Hosts and Hostesses, Restaurant, Lounge, and Coffee Shop",detailed,"21,600"
123408,RI,77200,"Providence-Warwick, RI-MA",35-9099,"Food Preparation and Serving Related Workers, All Other",detailed,"24,670"
123409,RI,77200,"Providence-Warwick, RI-MA",37-0000,Building and Grounds Cleaning and Maintenance Occupations,major,"29,920"
123410,RI,77200,"Providence-Warwick, RI-MA",37-1011,First-Line Supervisors of Housekeeping and Janitorial Workers,detailed,"37,740"
123411,RI,77200,"Providence-Warwick, RI-MA",37-1012,"First-Line Supervisors of Landscaping, Lawn Service, and Groundskeeping Workers",detailed,"50,940"
123412,RI,77200,"Providence-Warwick, RI-MA",37-2011,"Janitors and Cleaners, Except Maids and Housekeeping Cleaners",detailed,"28,180"
123413,RI,77200,"Providence-Warwick, RI-MA",37-2012,Maids and Housekeeping Cleaners,detailed,"25,900"
123414,RI,77200,"Providence-Warwick, RI-MA",37-2019,"Building Cleaning Workers, All Other",detailed,"54,880"
123415,RI,77200,"Providence-Warwick, RI-MA",37-2021,Pest Control Workers,detailed,"33,930"
123416,RI,77200,"Providence-Warwick, RI-MA",37-3011,Landscaping and Groundskeeping Workers,detailed,"30,010"
123417,RI,77200,"Providence-Warwick, RI-MA",37-3013,Tree Trimmers and Pruners,detailed,"44,980"
123418,RI,77200,"Providence-Warwick, RI-MA",39-0000,Personal Care and Service Occupations,major,"27,140"
123419,RI,77200,"Providence-Warwick, RI-MA",39-1021,First-Line Supervisors of Personal Service Workers,detailed,"39,070"
123420,RI,77200,"Providence-Warwick, RI-MA",39-2021,Nonfarm Animal Caretakers,detailed,"26,060"
123421,RI,77200,"Providence-Warwick, RI-MA",39-3031,"Ushers, Lobby Attendants, and Ticket Takers",detailed,"21,760"
123422,RI,77200,"Providence-Warwick, RI-MA",39-3091,Amusement and Recreation Attendants,detailed,"24,010"
123423,RI,77200,"Providence-Warwick, RI-MA",39-3093,"Locker Room, Coatroom, and Dressing Room Attendants",detailed,"24,980"
123424,RI,77200,"Providence-Warwick, RI-MA",39-4011,Embalmers,detailed,"49,720"
123425,RI,77200,"Providence-Warwick, RI-MA",39-4021,Funeral Attendants,detailed,"28,560"
123426,RI,77200,"Providence-Warwick, RI-MA",39-4031,"Morticians, Undertakers, and Funeral Directors",detailed,"57,600"
123427,RI,77200,"Providence-Warwick, RI-MA",39-5012,"Hairdressers, Hairstylists, and Cosmetologists",detailed,"29,010"
123428,RI,77200,"Providence-Warwick, RI-MA",39-5092,Manicurists and Pedicurists,detailed,"23,880"
123429,RI,77200,"Providence-Warwick, RI-MA",39-5094,Skincare Specialists,detailed,"35,140"
123430,RI,77200,"Providence-Warwick, RI-MA",39-6011,Baggage Porters and Bellhops,detailed,"23,520"
123431,RI,77200,"Providence-Warwick, RI-MA",39-6012,Concierges,detailed,"27,520"
123432,RI,77200,"Providence-Warwick, RI-MA",39-7011,Tour Guides and Escorts,detailed,"26,740"
123433,RI,77200,"Providence-Warwick, RI-MA",39-9011,Childcare Workers,detailed,"23,070"
123434,RI,77200,"Providence-Warwick, RI-MA",39-9021,Personal Care Aides,detailed,"23,600"
123435,RI,77200,"Providence-Warwick, RI-MA",39-9031,Fitness Trainers and Aerobics Instructors,detailed,"43,610"
123436,RI,77200,"Providence-Warwick, RI-MA",39-9032,Recreation Workers,detailed,"25,080"
123437,RI,77200,"Providence-Warwick, RI-MA",39-9041,Residential Advisors,detailed,"28,560"
123438,RI,77200,"Providence-Warwick, RI-MA",39-9099,"Personal Care and Service Workers, All Other",detailed,"27,200"
123439,RI,77200,"Providence-Warwick, RI-MA",41-0000,Sales and Related Occupations,major,"40,180"
123440,RI,77200,"Providence-Warwick, RI-MA",41-1011,First-Line Supervisors of Retail Sales Workers,detailed,"47,800"
123441,RI,77200,"Providence-Warwick, RI-MA",41-1012,First-Line Supervisors of Non-Retail Sales Workers,detailed,"92,010"
123442,RI,77200,"Providence-Warwick, RI-MA",41-2011,Cashiers,detailed,"22,380"
123443,RI,77200,"Providence-Warwick, RI-MA",41-2021,Counter and Rental Clerks,detailed,"28,880"
123444,RI,77200,"Providence-Warwick, RI-MA",41-2022,Parts Salespersons,detailed,"35,010"
123445,RI,77200,"Providence-Warwick, RI-MA",41-2031,Retail Salespersons,detailed,"29,180"
123446,RI,77200,"Providence-Warwick, RI-MA",41-3011,Advertising Sales Agents,detailed,"44,850"
123447,RI,77200,"Providence-Warwick, RI-MA",41-3021,Insurance Sales Agents,detailed,"69,360"
123448,RI,77200,"Providence-Warwick, RI-MA",41-3041,Travel Agents,detailed,"34,950"
123449,RI,77200,"Providence-Warwick, RI-MA",41-3099,"Sales Representatives, Services, All Other",detailed,"61,850"
123450,RI,77200,"Providence-Warwick, RI-MA",41-4011,"Sales Representatives, Wholesale and Manufacturing, Technical and Scientific Products",detailed,"79,370"
123451,RI,77200,"Providence-Warwick, RI-MA",41-4012,"Sales Representatives, Wholesale and Manufacturing, Except Technical and Scientific Products",detailed,"65,840"
123452,RI,77200,"Providence-Warwick, RI-MA",41-9011,Demonstrators and Product Promoters,detailed,"36,490"
123453,RI,77200,"Providence-Warwick, RI-MA",41-9021,Real Estate Brokers,detailed,"71,340"
123454,RI,77200,"Providence-Warwick, RI-MA",41-9022,Real Estate Sales Agents,detailed,"50,340"
123455,RI,77200,"Providence-Warwick, RI-MA",41-9031,Sales Engineers,detailed,"118,570"
123456,RI,77200,"Providence-Warwick, RI-MA",41-9041,Telemarketers,detailed,"28,430"
123457,RI,77200,"Providence-Warwick, RI-MA",41-9099,"Sales and Related Workers, All Other",detailed,"41,780"
123458,RI,77200,"Providence-Warwick, RI-MA",43-0000,Office and Administrative Support Occupations,major,"38,040"
123459,RI,77200,"Providence-Warwick, RI-MA",43-1011,First-Line Supervisors of Office and Administrative Support Workers,detailed,"56,630"
123460,RI,77200,"Providence-Warwick, RI-MA",43-2011,"Switchboard Operators, Including Answering Service",detailed,"28,620"
123461,RI,77200,"Providence-Warwick, RI-MA",43-2021,Telephone Operators,detailed,"47,380"
123462,RI,77200,"Providence-Warwick, RI-MA",43-3011,Bill and Account Collectors,detailed,"40,340"
123463,RI,77200,"Providence-Warwick, RI-MA",43-3021,Billing and Posting Clerks,detailed,"38,580"
123464,RI,77200,"Providence-Warwick, RI-MA",43-3031,"Bookkeeping, Accounting, and Auditing Clerks",detailed,"39,580"
123465,RI,77200,"Providence-Warwick, RI-MA",43-3051,Payroll and Timekeeping Clerks,detailed,"43,590"
123466,RI,77200,"Providence-Warwick, RI-MA",43-3061,Procurement Clerks,detailed,"41,760"
123467,RI,77200,"Providence-Warwick, RI-MA",43-3071,Tellers,detailed,"29,070"
123468,RI,77200,"Providence-Warwick, RI-MA",43-3099,"Financial Clerks, All Other",detailed,"39,130"
123469,RI,77200,"Providence-Warwick, RI-MA",43-4011,Brokerage Clerks,detailed,"55,040"
123470,RI,77200,"Providence-Warwick, RI-MA",43-4031,"Court, Municipal, and License Clerks",detailed,"46,860"
123471,RI,77200,"Providence-Warwick, RI-MA",43-4041,"Credit Authorizers, Checkers, and Clerks",detailed,"41,510"
123472,RI,77200,"Providence-Warwick, RI-MA",43-4051,Customer Service Representatives,detailed,"36,300"
123473,RI,77200,"Providence-Warwick, RI-MA",43-4061,"Eligibility Interviewers, Government Programs",detailed,"55,530"
123474,RI,77200,"Providence-Warwick, RI-MA",43-4071,File Clerks,detailed,"33,950"
123475,RI,77200,"Providence-Warwick, RI-MA",43-4081,"Hotel, Motel, and Resort Desk Clerks",detailed,"24,080"
123476,RI,77200,"Providence-Warwick, RI-MA",43-4111,"Interviewers, Except Eligibility and Loan",detailed,"40,350"
123477,RI,77200,"Providence-Warwick, RI-MA",43-4121,"Library Assistants, Clerical",detailed,"26,150"
123478,RI,77200,"Providence-Warwick, RI-MA",43-4131,Loan Interviewers and Clerks,detailed,"39,120"
123479,RI,77200,"Providence-Warwick, RI-MA",43-4141,New Accounts Clerks,detailed,"35,520"
123480,RI,77200,"Providence-Warwick, RI-MA",43-4151,Order Clerks,detailed,"34,440"
123481,RI,77200,"Providence-Warwick, RI-MA",43-4161,"Human Resources Assistants, Except Payroll and Timekeeping",detailed,"39,300"
123482,RI,77200,"Providence-Warwick, RI-MA",43-4171,Receptionists and Information Clerks,detailed,"30,430"
123483,RI,77200,"Providence-Warwick, RI-MA",43-4181,Reservation and Transportation Ticket Agents and Travel Clerks,detailed,"37,250"
123484,RI,77200,"Providence-Warwick, RI-MA",43-4199,"Information and Record Clerks, All Other",detailed,"44,120"
123485,RI,77200,"Providence-Warwick, RI-MA",43-5011,Cargo and Freight Agents,detailed,"45,680"
123486,RI,77200,"Providence-Warwick, RI-MA",43-5021,Couriers and Messengers,detailed,"31,610"
123487,RI,77200,"Providence-Warwick, RI-MA",43-5031,"Police, Fire, and Ambulance Dispatchers",detailed,"42,480"
123488,RI,77200,"Providence-Warwick, RI-MA",43-5032,"Dispatchers, Except Police, Fire, and Ambulance",detailed,"39,010"
123489,RI,77200,"Providence-Warwick, RI-MA",43-5041,"Meter Readers, Utilities",detailed,"55,100"
123490,RI,77200,"Providence-Warwick, RI-MA",43-5051,Postal Service Clerks,detailed,"52,300"
123491,RI,77200,"Providence-Warwick, RI-MA",43-5052,Postal Service Mail Carriers,detailed,"51,260"
123492,RI,77200,"Providence-Warwick, RI-MA",43-5053,"Postal Service Mail Sorters, Processors, and Processing Machine Operators",detailed,"50,460"
123493,RI,77200,"Providence-Warwick, RI-MA",43-5061,"Production, Planning, and Expediting Clerks",detailed,"48,030"
123494,RI,77200,"Providence-Warwick, RI-MA",43-5071,"Shipping, Receiving, and Traffic Clerks",detailed,"33,100"
123495,RI,77200,"Providence-Warwick, RI-MA",43-5081,Stock Clerks and Order Fillers,detailed,"27,250"
123496,RI,77200,"Providence-Warwick, RI-MA",43-5111,"Weighers, Measurers, Checkers, and Samplers, Recordkeeping",detailed,"29,420"
123497,RI,77200,"Providence-Warwick, RI-MA",43-6011,Executive Secretaries and Executive Administrative Assistants,detailed,"57,720"
123498,RI,77200,"Providence-Warwick, RI-MA",43-6012,Legal Secretaries,detailed,"46,290"
123499,RI,77200,"Providence-Warwick, RI-MA",43-6013,Medical Secretaries,detailed,"37,230"
123500,RI,77200,"Providence-Warwick, RI-MA",43-6014,"Secretaries and Administrative Assistants, Except Legal, Medical, and Executive",detailed,"39,020"
123501,RI,77200,"Providence-Warwick, RI-MA",43-9011,Computer Operators,detailed,"47,960"
123502,RI,77200,"Providence-Warwick, RI-MA",43-9021,Data Entry Keyers,detailed,"32,700"
123503,RI,77200,"Providence-Warwick, RI-MA",43-9022,Word Processors and Typists,detailed,"39,140"
123504,RI,77200,"Providence-Warwick, RI-MA",43-9041,Insurance Claims and Policy Processing Clerks,detailed,"41,080"
123505,RI,77200,"Providence-Warwick, RI-MA",43-9051,"Mail Clerks and Mail Machine Operators, Except Postal Service",detailed,"33,890"
123506,RI,77200,"Providence-Warwick, RI-MA",43-9061,"Office Clerks, General",detailed,"34,260"
123507,RI,77200,"Providence-Warwick, RI-MA",43-9071,"Office Machine Operators, Except Computer",detailed,*
123508,RI,77200,"Providence-Warwick, RI-MA",43-9111,Statistical Assistants,detailed,"43,450"
123509,RI,77200,"Providence-Warwick, RI-MA",43-9199,"Office and Administrative Support Workers, All Other",detailed,"32,990"
123510,RI,77200,"Providence-Warwick, RI-MA",45-0000,"Farming, Fishing, and Forestry Occupations",major,"27,640"
123511,RI,77200,"Providence-Warwick, RI-MA",45-2092,"Farmworkers and Laborers, Crop, Nursery, and Greenhouse",detailed,"28,830"
123512,RI,77200,"Providence-Warwick, RI-MA",47-0000,Construction and Extraction Occupations,major,"49,460"
123513,RI,77200,"Providence-Warwick, RI-MA",47-1011,First-Line Supervisors of Construction Trades and Extraction Workers,detailed,"68,800"
123514,RI,77200,"Providence-Warwick, RI-MA",47-2021,Brickmasons and Blockmasons,detailed,"63,530"
123515,RI,77200,"Providence-Warwick, RI-MA",47-2031,Carpenters,detailed,"47,220"
123516,RI,77200,"Providence-Warwick, RI-MA",47-2041,Carpet Installers,detailed,"50,690"
123517,RI,77200,"Providence-Warwick, RI-MA",47-2044,Tile and Marble Setters,detailed,"44,520"
123518,RI,77200,"Providence-Warwick, RI-MA",47-2051,Cement Masons and Concrete Finishers,detailed,"51,270"
123519,RI,77200,"Providence-Warwick, RI-MA",47-2061,Construction Laborers,detailed,"42,040"
123520,RI,77200,"Providence-Warwick, RI-MA",47-2071,"Paving, Surfacing, and Tamping Equipment Operators",detailed,"43,610"
123521,RI,77200,"Providence-Warwick, RI-MA",47-2073,Operating Engineers and Other Construction Equipment Operators,detailed,"51,630"
123522,RI,77200,"Providence-Warwick, RI-MA",47-2081,Drywall and Ceiling Tile Installers,detailed,"49,620"
123523,RI,77200,"Providence-Warwick, RI-MA",47-2082,Tapers,detailed,"49,390"
123524,RI,77200,"Providence-Warwick, RI-MA",47-2111,Electricians,detailed,"53,100"
123525,RI,77200,"Providence-Warwick, RI-MA",47-2121,Glaziers,detailed,"52,020"
123526,RI,77200,"Providence-Warwick, RI-MA",47-2132,"Insulation Workers, Mechanical",detailed,"68,200"
123527,RI,77200,"Providence-Warwick, RI-MA",47-2141,"Painters, Construction and Maintenance",detailed,"39,270"
123528,RI,77200,"Providence-Warwick, RI-MA",47-2151,Pipelayers,detailed,"31,890"
123529,RI,77200,"Providence-Warwick, RI-MA",47-2152,"Plumbers, Pipefitters, and Steamfitters",detailed,"53,180"
123530,RI,77200,"Providence-Warwick, RI-MA",47-2181,Roofers,detailed,"45,010"
123531,RI,77200,"Providence-Warwick, RI-MA",47-2211,Sheet Metal Workers,detailed,"44,770"
123532,RI,77200,"Providence-Warwick, RI-MA",47-2221,Structural Iron and Steel Workers,detailed,"72,720"
123533,RI,77200,"Providence-Warwick, RI-MA",47-3011,"Helpers--Brickmasons, Blockmasons, Stonemasons, and Tile and Marble Setters",detailed,"48,350"
123534,RI,77200,"Providence-Warwick, RI-MA",47-3012,Helpers--Carpenters,detailed,"30,930"
123535,RI,77200,"Providence-Warwick, RI-MA",47-3013,Helpers--Electricians,detailed,"28,290"
123536,RI,77200,"Providence-Warwick, RI-MA",47-3015,"Helpers--Pipelayers, Plumbers, Pipefitters, and Steamfitters",detailed,"28,860"
123537,RI,77200,"Providence-Warwick, RI-MA",47-3016,Helpers--Roofers,detailed,"32,650"
123538,RI,77200,"Providence-Warwick, RI-MA",47-4011,Construction and Building Inspectors,detailed,"56,690"
123539,RI,77200,"Providence-Warwick, RI-MA",47-4041,Hazardous Materials Removal Workers,detailed,"45,240"
123540,RI,77200,"Providence-Warwick, RI-MA",47-4051,Highway Maintenance Workers,detailed,"42,910"
123541,RI,77200,"Providence-Warwick, RI-MA",47-4071,Septic Tank Servicers and Sewer Pipe Cleaners,detailed,"39,440"
123542,RI,77200,"Providence-Warwick, RI-MA",47-4099,"Construction and Related Workers, All Other",detailed,"54,020"
123543,RI,77200,"Providence-Warwick, RI-MA",49-0000,"Installation, Maintenance, and Repair Occupations",major,"48,100"
123544,RI,77200,"Providence-Warwick, RI-MA",49-1011,"First-Line Supervisors of Mechanics, Installers, and Repairers",detailed,"64,740"
123545,RI,77200,"Providence-Warwick, RI-MA",49-2011,"Computer, Automated Teller, and Office Machine Repairers",detailed,"44,920"
123546,RI,77200,"Providence-Warwick, RI-MA",49-2022,"Telecommunications Equipment Installers and Repairers, Except Line Installers",detailed,"66,370"
123547,RI,77200,"Providence-Warwick, RI-MA",49-2092,"Electric Motor, Power Tool, and Related Repairers",detailed,"42,650"
123548,RI,77200,"Providence-Warwick, RI-MA",49-2094,"Electrical and Electronics Repairers, Commercial and Industrial Equipment",detailed,"48,410"
123549,RI,77200,"Providence-Warwick, RI-MA",49-2097,Electronic Home Entertainment Equipment Installers and Repairers,detailed,"38,660"
123550,RI,77200,"Providence-Warwick, RI-MA",49-2098,Security and Fire Alarm Systems Installers,detailed,"49,700"
123551,RI,77200,"Providence-Warwick, RI-MA",49-3011,Aircraft Mechanics and Service Technicians,detailed,"57,810"
123552,RI,77200,"Providence-Warwick, RI-MA",49-3021,Automotive Body and Related Repairers,detailed,"44,060"
123553,RI,77200,"Providence-Warwick, RI-MA",49-3022,Automotive Glass Installers and Repairers,detailed,"31,270"
123554,RI,77200,"Providence-Warwick, RI-MA",49-3023,Automotive Service Technicians and Mechanics,detailed,"40,910"
123555,RI,77200,"Providence-Warwick, RI-MA",49-3031,Bus and Truck Mechanics and Diesel Engine Specialists,detailed,"45,130"
123556,RI,77200,"Providence-Warwick, RI-MA",49-3042,"Mobile Heavy Equipment Mechanics, Except Engines",detailed,"51,770"
123557,RI,77200,"Providence-Warwick, RI-MA",49-3051,Motorboat Mechanics and Service Technicians,detailed,"45,770"
123558,RI,77200,"Providence-Warwick, RI-MA",49-3052,Motorcycle Mechanics,detailed,"38,100"
123559,RI,77200,"Providence-Warwick, RI-MA",49-3053,Outdoor Power Equipment and Other Small Engine Mechanics,detailed,"35,620"
123560,RI,77200,"Providence-Warwick, RI-MA",49-3093,Tire Repairers and Changers,detailed,"29,980"
123561,RI,77200,"Providence-Warwick, RI-MA",49-9012,"Control and Valve Installers and Repairers, Except Mechanical Door",detailed,"68,710"
123562,RI,77200,"Providence-Warwick, RI-MA",49-9021,"Heating, Air Conditioning, and Refrigeration Mechanics and Installers",detailed,"54,990"
123563,RI,77200,"Providence-Warwick, RI-MA",49-9031,Home Appliance Repairers,detailed,"40,300"
123564,RI,77200,"Providence-Warwick, RI-MA",49-9041,Industrial Machinery Mechanics,detailed,"49,230"
123565,RI,77200,"Providence-Warwick, RI-MA",49-9043,"Maintenance Workers, Machinery",detailed,"44,600"
123566,RI,77200,"Providence-Warwick, RI-MA",49-9044,Millwrights,detailed,"56,200"
123567,RI,77200,"Providence-Warwick, RI-MA",49-9051,Electrical Power-Line Installers and Repairers,detailed,"70,290"
123568,RI,77200,"Providence-Warwick, RI-MA",49-9052,Telecommunications Line Installers and Repairers,detailed,"67,830"
123569,RI,77200,"Providence-Warwick, RI-MA",49-9062,Medical Equipment Repairers,detailed,"52,940"
123570,RI,77200,"Providence-Warwick, RI-MA",49-9069,"Precision Instrument and Equipment Repairers, All Other",detailed,"46,260"
123571,RI,77200,"Providence-Warwick, RI-MA",49-9071,"Maintenance and Repair Workers, General",detailed,"42,550"
123572,RI,77200,"Providence-Warwick, RI-MA",49-9094,Locksmiths and Safe Repairers,detailed,"46,370"
123573,RI,77200,"Providence-Warwick, RI-MA",49-9096,Riggers,detailed,"39,690"
123574,RI,77200,"Providence-Warwick, RI-MA",49-9098,"Helpers--Installation, Maintenance, and Repair Workers",detailed,"27,650"
123575,RI,77200,"Providence-Warwick, RI-MA",49-9099,"Installation, Maintenance, and Repair Workers, All Other",detailed,"49,600"
123576,RI,77200,"Providence-Warwick, RI-MA",51-0000,Production Occupations,major,"37,110"
123577,RI,77200,"Providence-Warwick, RI-MA",51-1011,First-Line Supervisors of Production and Operating Workers,detailed,"64,220"
123578,RI,77200,"Providence-Warwick, RI-MA",51-2022,Electrical and Electronic Equipment Assemblers,detailed,"37,440"
123579,RI,77200,"Providence-Warwick, RI-MA",51-2023,Electromechanical Equipment Assemblers,detailed,"36,070"
123580,RI,77200,"Providence-Warwick, RI-MA",51-2041,Structural Metal Fabricators and Fitters,detailed,"41,480"
123581,RI,77200,"Providence-Warwick, RI-MA",51-2091,Fiberglass Laminators and Fabricators,detailed,"34,540"
123582,RI,77200,"Providence-Warwick, RI-MA",51-2092,Team Assemblers,detailed,"30,540"
123583,RI,77200,"Providence-Warwick, RI-MA",51-2099,"Assemblers and Fabricators, All Other",detailed,"29,680"
123584,RI,77200,"Providence-Warwick, RI-MA",51-3011,Bakers,detailed,"29,770"
123585,RI,77200,"Providence-Warwick, RI-MA",51-3021,Butchers and Meat Cutters,detailed,"33,950"
123586,RI,77200,"Providence-Warwick, RI-MA",51-3022,"Meat, Poultry, and Fish Cutters and Trimmers",detailed,"29,600"
123587,RI,77200,"Providence-Warwick, RI-MA",51-3091,"Food and Tobacco Roasting, Baking, and Drying Machine Operators and Tenders",detailed,"27,660"
123588,RI,77200,"Providence-Warwick, RI-MA",51-3092,Food Batchmakers,detailed,"27,900"
123589,RI,77200,"Providence-Warwick, RI-MA",51-3093,Food Cooking Machine Operators and Tenders,detailed,"36,280"
123590,RI,77200,"Providence-Warwick, RI-MA",51-4011,"Computer-Controlled Machine Tool Operators, Metal and Plastic",detailed,"38,900"
123591,RI,77200,"Providence-Warwick, RI-MA",51-4012,"Computer Numerically Controlled Machine Tool Programmers, Metal and Plastic",detailed,"50,730"
123592,RI,77200,"Providence-Warwick, RI-MA",51-4021,"Extruding and Drawing Machine Setters, Operators, and Tenders, Metal and Plastic",detailed,"36,090"
123593,RI,77200,"Providence-Warwick, RI-MA",51-4022,"Forging Machine Setters, Operators, and Tenders, Metal and Plastic",detailed,"34,260"
123594,RI,77200,"Providence-Warwick, RI-MA",51-4023,"Rolling Machine Setters, Operators, and Tenders, Metal and Plastic",detailed,"43,460"
123595,RI,77200,"Providence-Warwick, RI-MA",51-4031,"Cutting, Punching, and Press Machine Setters, Operators, and Tenders, Metal and Plastic",detailed,"29,460"
123596,RI,77200,"Providence-Warwick, RI-MA",51-4032,"Drilling and Boring Machine Tool Setters, Operators, and Tenders, Metal and Plastic",detailed,"33,880"
123597,RI,77200,"Providence-Warwick, RI-MA",51-4033,"Grinding, Lapping, Polishing, and Buffing Machine Tool Setters, Operators, and Tenders, Metal and Plastic",detailed,"33,000"
123598,RI,77200,"Providence-Warwick, RI-MA",51-4034,"Lathe and Turning Machine Tool Setters, Operators, and Tenders, Metal and Plastic",detailed,"40,120"
123599,RI,77200,"Providence-Warwick, RI-MA",51-4035,"Milling and Planing Machine Setters, Operators, and Tenders, Metal and Plastic",detailed,"45,360"
123600,RI,77200,"Providence-Warwick, RI-MA",51-4041,Machinists,detailed,"43,810"
123601,RI,77200,"Providence-Warwick, RI-MA",51-4051,Metal-Refining Furnace Operators and Tenders,detailed,"36,450"
123602,RI,77200,"Providence-Warwick, RI-MA",51-4052,"Pourers and Casters, Metal",detailed,"31,290"
123603,RI,77200,"Providence-Warwick, RI-MA",51-4061,"Model Makers, Metal and Plastic",detailed,"41,160"
123604,RI,77200,"Providence-Warwick, RI-MA",51-4071,Foundry Mold and Coremakers,detailed,"34,580"
123605,RI,77200,"Providence-Warwick, RI-MA",51-4072,"Molding, Coremaking, and Casting Machine Setters, Operators, and Tenders, Metal and Plastic",detailed,"30,600"
123606,RI,77200,"Providence-Warwick, RI-MA",51-4081,"Multiple Machine Tool Setters, Operators, and Tenders, Metal and Plastic",detailed,"42,770"
123607,RI,77200,"Providence-Warwick, RI-MA",51-4111,Tool and Die Makers,detailed,"48,110"
123608,RI,77200,"Providence-Warwick, RI-MA",51-4121,"Welders, Cutters, Solderers, and Brazers",detailed,"41,800"
123609,RI,77200,"Providence-Warwick, RI-MA",51-4122,"Welding, Soldering, and Brazing Machine Setters, Operators, and Tenders",detailed,"35,710"
123610,RI,77200,"Providence-Warwick, RI-MA",51-4191,"Heat Treating Equipment Setters, Operators, and Tenders, Metal and Plastic",detailed,"37,180"
123611,RI,77200,"Providence-Warwick, RI-MA",51-4192,"Layout Workers, Metal and Plastic",detailed,"43,360"
123612,RI,77200,"Providence-Warwick, RI-MA",51-4193,"Plating and Coating Machine Setters, Operators, and Tenders, Metal and Plastic",detailed,"31,520"
123613,RI,77200,"Providence-Warwick, RI-MA",51-4199,"Metal Workers and Plastic Workers, All Other",detailed,"29,920"
123614,RI,77200,"Providence-Warwick, RI-MA",51-5111,Prepress Technicians and Workers,detailed,"47,770"
123615,RI,77200,"Providence-Warwick, RI-MA",51-5112,Printing Press Operators,detailed,"41,170"
123616,RI,77200,"Providence-Warwick, RI-MA",51-5113,Print Binding and Finishing Workers,detailed,"34,540"
123617,RI,77200,"Providence-Warwick, RI-MA",51-6011,Laundry and Dry-Cleaning Workers,detailed,"23,730"
123618,RI,77200,"Providence-Warwick, RI-MA",51-6021,"Pressers, Textile, Garment, and Related Materials",detailed,"23,820"
123619,RI,77200,"Providence-Warwick, RI-MA",51-6031,Sewing Machine Operators,detailed,"26,950"
123620,RI,77200,"Providence-Warwick, RI-MA",51-6051,"Sewers, Hand",detailed,"22,980"
123621,RI,77200,"Providence-Warwick, RI-MA",51-6061,Textile Bleaching and Dyeing Machine Operators and Tenders,detailed,"32,780"
123622,RI,77200,"Providence-Warwick, RI-MA",51-6062,"Textile Cutting Machine Setters, Operators, and Tenders",detailed,"25,660"
123623,RI,77200,"Providence-Warwick, RI-MA",51-6063,"Textile Knitting and Weaving Machine Setters, Operators, and Tenders",detailed,"24,440"
123624,RI,77200,"Providence-Warwick, RI-MA",51-6064,"Textile Winding, Twisting, and Drawing Out Machine Setters, Operators, and Tenders",detailed,"26,090"
123625,RI,77200,"Providence-Warwick, RI-MA",51-6091,"Extruding and Forming Machine Setters, Operators, and Tenders, Synthetic and Glass Fibers",detailed,"34,610"
123626,RI,77200,"Providence-Warwick, RI-MA",51-6092,Fabric and Apparel Patternmakers,detailed,"26,020"
123627,RI,77200,"Providence-Warwick, RI-MA",51-6093,Upholsterers,detailed,"38,600"
123628,RI,77200,"Providence-Warwick, RI-MA",51-6099,"Textile, Apparel, and Furnishings Workers, All Other",detailed,"28,550"
123629,RI,77200,"Providence-Warwick, RI-MA",51-7011,Cabinetmakers and Bench Carpenters,detailed,"39,050"
123630,RI,77200,"Providence-Warwick, RI-MA",51-7041,"Sawing Machine Setters, Operators, and Tenders, Wood",detailed,"25,280"
123631,RI,77200,"Providence-Warwick, RI-MA",51-7042,"Woodworking Machine Setters, Operators, and Tenders, Except Sawing",detailed,"32,770"
123632,RI,77200,"Providence-Warwick, RI-MA",51-8013,Power Plant Operators,detailed,"65,330"
123633,RI,77200,"Providence-Warwick, RI-MA",51-8021,Stationary Engineers and Boiler Operators,detailed,"53,660"
123634,RI,77200,"Providence-Warwick, RI-MA",51-8031,Water and Wastewater Treatment Plant and System Operators,detailed,"50,740"
123635,RI,77200,"Providence-Warwick, RI-MA",51-8091,Chemical Plant and System Operators,detailed,"38,020"
123636,RI,77200,"Providence-Warwick, RI-MA",51-8092,Gas Plant Operators,detailed,"82,330"
123637,RI,77200,"Providence-Warwick, RI-MA",51-8093,"Petroleum Pump System Operators, Refinery Operators, and Gaugers",detailed,"58,830"
123638,RI,77200,"Providence-Warwick, RI-MA",51-9011,Chemical Equipment Operators and Tenders,detailed,"35,180"
123639,RI,77200,"Providence-Warwick, RI-MA",51-9012,"Separating, Filtering, Clarifying, Precipitating, and Still Machine Setters, Operators, and Tenders",detailed,"28,790"
123640,RI,77200,"Providence-Warwick, RI-MA",51-9021,"Crushing, Grinding, and Polishing Machine Setters, Operators, and Tenders",detailed,"32,010"
123641,RI,77200,"Providence-Warwick, RI-MA",51-9022,"Grinding and Polishing Workers, Hand",detailed,"32,880"
123642,RI,77200,"Providence-Warwick, RI-MA",51-9023,"Mixing and Blending Machine Setters, Operators, and Tenders",detailed,"37,330"
123643,RI,77200,"Providence-Warwick, RI-MA",51-9031,"Cutters and Trimmers, Hand",detailed,"28,180"
123644,RI,77200,"Providence-Warwick, RI-MA",51-9032,"Cutting and Slicing Machine Setters, Operators, and Tenders",detailed,"32,560"
123645,RI,77200,"Providence-Warwick, RI-MA",51-9041,"Extruding, Forming, Pressing, and Compacting Machine Setters, Operators, and Tenders",detailed,"38,340"
123646,RI,77200,"Providence-Warwick, RI-MA",51-9051,"Furnace, Kiln, Oven, Drier, and Kettle Operators and Tenders",detailed,"27,080"
123647,RI,77200,"Providence-Warwick, RI-MA",51-9061,"Inspectors, Testers, Sorters, Samplers, and Weighers",detailed,"36,640"
123648,RI,77200,"Providence-Warwick, RI-MA",51-9071,Jewelers and Precious Stone and Metal Workers,detailed,"42,460"
123649,RI,77200,"Providence-Warwick, RI-MA",51-9081,Dental Laboratory Technicians,detailed,"47,450"
123650,RI,77200,"Providence-Warwick, RI-MA",51-9082,Medical Appliance Technicians,detailed,"36,280"
123651,RI,77200,"Providence-Warwick, RI-MA",51-9083,Ophthalmic Laboratory Technicians,detailed,"31,310"
123652,RI,77200,"Providence-Warwick, RI-MA",51-9111,Packaging and Filling Machine Operators and Tenders,detailed,"28,550"
123653,RI,77200,"Providence-Warwick, RI-MA",51-9121,"Coating, Painting, and Spraying Machine Setters, Operators, and Tenders",detailed,"30,920"
123654,RI,77200,"Providence-Warwick, RI-MA",51-9122,"Painters, Transportation Equipment",detailed,"41,710"
123655,RI,77200,"Providence-Warwick, RI-MA",51-9123,"Painting, Coating, and Decorating Workers",detailed,"32,810"
123656,RI,77200,"Providence-Warwick, RI-MA",51-9141,Semiconductor Processors,detailed,"33,150"
123657,RI,77200,"Providence-Warwick, RI-MA",51-9151,Photographic Process Workers and Processing Machine Operators,detailed,"29,400"
123658,RI,77200,"Providence-Warwick, RI-MA",51-9191,Adhesive Bonding Machine Operators and Tenders,detailed,"33,180"
123659,RI,77200,"Providence-Warwick, RI-MA",51-9192,"Cleaning, Washing, and Metal Pickling Equipment Operators and Tenders",detailed,"29,290"
123660,RI,77200,"Providence-Warwick, RI-MA",51-9194,Etchers and Engravers,detailed,"35,490"
123661,RI,77200,"Providence-Warwick, RI-MA",51-9195,"Molders, Shapers, and Casters, Except Metal and Plastic",detailed,"37,760"
123662,RI,77200,"Providence-Warwick, RI-MA",51-9196,"Paper Goods Machine Setters, Operators, and Tenders",detailed,"30,740"
123663,RI,77200,"Providence-Warwick, RI-MA",51-9198,Helpers--Production Workers,detailed,"24,080"
123664,RI,77200,"Providence-Warwick, RI-MA",51-9199,"Production Workers, All Other",detailed,"33,030"
123665,RI,77200,"Providence-Warwick, RI-MA",53-0000,Transportation and Material Moving Occupations,major,"34,120"
123666,RI,77200,"Providence-Warwick, RI-MA",53-1021,"First-Line Supervisors of Helpers, Laborers, and Material Movers, Hand",detailed,"55,490"
123667,RI,77200,"Providence-Warwick, RI-MA",53-1031,First-Line Supervisors of Transportation and Material-Moving Machine and Vehicle Operators,detailed,"55,770"
123668,RI,77200,"Providence-Warwick, RI-MA",53-3011,"Ambulance Drivers and Attendants, Except Emergency Medical Technicians",detailed,"30,860"
123669,RI,77200,"Providence-Warwick, RI-MA",53-3021,"Bus Drivers, Transit and Intercity",detailed,"36,840"
123670,RI,77200,"Providence-Warwick, RI-MA",53-3022,"Bus Drivers, School or Special Client",detailed,"36,890"
123671,RI,77200,"Providence-Warwick, RI-MA",53-3031,Driver/Sales Workers,detailed,"34,820"
123672,RI,77200,"Providence-Warwick, RI-MA",53-3032,Heavy and Tractor-Trailer Truck Drivers,detailed,"42,950"
123673,RI,77200,"Providence-Warwick, RI-MA",53-3033,Light Truck or Delivery Services Drivers,detailed,"35,910"
123674,RI,77200,"Providence-Warwick, RI-MA",53-3041,Taxi Drivers and Chauffeurs,detailed,"25,520"
123675,RI,77200,"Providence-Warwick, RI-MA",53-3099,"Motor Vehicle Operators, All Other",detailed,"30,410"
123676,RI,77200,"Providence-Warwick, RI-MA",53-5011,Sailors and Marine Oilers,detailed,"33,210"
123677,RI,77200,"Providence-Warwick, RI-MA",53-5021,"Captains, Mates, and Pilots of Water Vessels",detailed,"51,630"
123678,RI,77200,"Providence-Warwick, RI-MA",53-5022,Motorboat Operators,detailed,"33,730"
123679,RI,77200,"Providence-Warwick, RI-MA",53-6021,Parking Lot Attendants,detailed,"23,810"
123680,RI,77200,"Providence-Warwick, RI-MA",53-6031,Automotive and Watercraft Service Attendants,detailed,"23,560"
123681,RI,77200,"Providence-Warwick, RI-MA",53-6051,Transportation Inspectors,detailed,"64,870"
123682,RI,77200,"Providence-Warwick, RI-MA",53-7021,Crane and Tower Operators,detailed,"54,340"
123683,RI,77200,"Providence-Warwick, RI-MA",53-7032,Excavating and Loading Machine and Dragline Operators,detailed,"50,790"
123684,RI,77200,"Providence-Warwick, RI-MA",53-7051,Industrial Truck and Tractor Operators,detailed,"36,460"
123685,RI,77200,"Providence-Warwick, RI-MA",53-7061,Cleaners of Vehicles and Equipment,detailed,"25,160"
123686,RI,77200,"Providence-Warwick, RI-MA",53-7062,"Laborers and Freight, Stock, and Material Movers, Hand",detailed,"28,570"
123687,RI,77200,"Providence-Warwick, RI-MA",53-7063,Machine Feeders and Offbearers,detailed,"27,810"
123688,RI,77200,"Providence-Warwick, RI-MA",53-7064,"Packers and Packagers, Hand",detailed,"23,190"
123689,RI,77200,"Providence-Warwick, RI-MA",53-7081,Refuse and Recyclable Material Collectors,detailed,"40,240"
123690,RI,77200,"Providence-Warwick, RI-MA",53-7199,"Material Moving Workers, All Other",detailed,"26,900"
